{"name": "abcd", "h_size": 100, "t_steps": 25, "input_text_size": 43811, "iterations": [0, 1000, 2000], "loss": [106.57186902203932, 80.9695660930927, 67.16023851576615], "time_delta": []}