{"name": "bcde", "h_size": 100, "t_steps": 25, "input_text_size": 43811, "iterations": [0, 1000, 2000, 3000, 4000, 5000, 6000, 7000, 8000, 9000, 10000, 11000, 12000, 13000, 14000, 15000, 16000, 17000, 18000, 19000, 20000], "loss": [106.56747902606172, 80.08657893826283, 66.75004762185445, 60.21694868274197, 56.845298668940096, 54.82443581794981, 53.283215799769444, 52.821440259884376, 51.828564347658116, 51.19284014533831, 49.89943490941246, 49.32845365292317, 48.126475041208764, 47.69819323424655, 47.50089546262704, 46.92160048722813, 46.65436284879598, 45.47334840523485, 45.31362392543424, 44.14082813735804, 44.135785592304586], "time_delta": []}