{"name": "H100_S25_I9_unique_9", "h_size": 100, "t_steps": 25, "learning_rate": 0.1, "weight_sd": 0.1, "input_text_size": 9, "input_text": "less", "iterations": [0, 100, 200, 300, 400, 500, 600, 700, 800, 900, 1000, 1100, 1200, 1300, 1400, 1500, 1600, 1700, 1800, 1900, 2000, 2100, 2200, 2300, 2400, 2500, 2600, 2700, 2800, 2900, 3000, 3100, 3200, 3300, 3400, 3500, 3600, 3700, 3800, 3900, 4000, 4100, 4200, 4300, 4400, 4500, 4600, 4700, 4800, 4900, 5000], "loss": [54.94416933804676, 54.0622265759757, 53.18437982046926, 52.3169613526421, 51.539721520552, 50.892147063765464, 50.21951943278833, 49.65481527941761, 49.17079845604993, 48.680170265412094, 48.250783271453116, 47.89286079363043, 47.516267912970434, 47.19634718690064, 46.95020527453859, 46.65698631145879, 46.425515028962785, 46.23253286659169, 46.019346555029294, 45.85010889775668, 45.70049305940097, 45.542537292602795, 45.40734884627978, 45.305665469311286, 45.19614042632379, 45.10255548976669, 45.01458985747063, 44.9400096334382, 44.86501220923113, 44.798996379259535, 44.75230050035256, 44.69726016592972, 44.643462121498885, 44.60659407790582, 44.568305925038146, 44.52001601110936, 44.489081223303494, 44.47656055476926, 44.43195882446783, 44.40110096415226, 44.39182484992706, 44.35080592118877, 44.3242438797468, 44.334686378098645, 44.30002077532492, 44.277141523089924, 44.29185591918579, 44.25798131097568, 44.242760034221874, 44.27028615056063, 44.24410737369924], "time_total": [0, 1.048200299992459, 2.0932317999977386, 3.1360471999942092, 4.178178199988906, 5.227185800002189, 6.270722599991132, 7.312858299992513, 8.376472499992815, 9.423202399993897, 10.467243999999482, 11.518505000000005, 12.571508399996674, 13.623486999989836, 14.675397999992128, 15.721604699996533, 16.769011099997442, 17.838293499997235, 18.884279599995352, 19.932560999994166, 20.977716099994723, 22.02775870000187, 23.075729299991508, 24.127107899999828, 25.1769101999962, 26.225560199993197, 27.272152499994263, 28.319713399992906, 29.371585000000778, 30.420977199988556, 31.468025499998475, 32.52133519999916, 33.56962309998926, 34.6166191999946, 35.65929729999334, 36.70532619999722, 37.75439940000069, 38.80148480000207, 39.84683280000172, 40.89842699999281, 41.94191670000146, 42.98883859999478, 44.033525199993164, 45.07984819999547, 46.12403049999557, 47.16907559998799, 48.21579419999034, 49.260465799990925, 50.305066699991585, 51.347958199999994, 52.395999399988796], "ram_usage": [0, 1.0703125, 1.15625, 1.15625, 1.15625, 1.15625, 1.15625, 1.15625, 1.1640625, 1.1875, 1.1953125, 1.23828125, 1.2421875, 1.2421875, 1.2421875, 0.703125, 0.703125, 0.70703125, 0.70703125, 0.70703125, 0.70703125, 0.7578125, 0.7578125, 0.76171875, 0.76171875, 0.7734375, 0.7734375, 0.7734375, 0.796875, 0.796875, 0.796875, 0.80078125, 0.80078125, 0.80859375, 0.80859375, 0.80859375, 0.8125, 0.8125, 0.81640625, 0.81640625, 0.81640625, 0.84765625, 0.84765625, 0.8515625, 0.8515625, 0.796875, 0.796875, 0.796875, 0.80078125, 0.80078125, 0.80078125], "accuracy": [32.0, 28.000000000000004, 44.0, 32.0, 24.0, 44.0, 52.0, 40.0, 32.0, 32.0, 32.0, 40.0, 40.0, 40.0, 28.000000000000004, 24.0, 48.0, 48.0, 36.0, 44.0, 36.0, 32.0, 52.0, 44.0, 48.0, 36.0, 44.0, 28.000000000000004, 44.0, 28.000000000000004, 44.0, 44.0, 48.0, 44.0, 32.0, 36.0, 56.00000000000001, 28.000000000000004, 32.0, 24.0, 32.0, 44.0, 40.0, 36.0, 40.0, 32.0, 56.00000000000001, 52.0, 40.0, 40.0, 28.000000000000004]}