{"name": "H100_S25_I27_27_u_space", "h_size": 100, "t_steps": 25, "learning_rate": 0.1, "weight_sd": 0.1, "input_text_size": 27, "input_text": "all_letters_more", "iterations": [0, 100, 200, 300, 400, 500, 600, 700, 800, 900, 1000, 1100, 1200, 1300, 1400, 1500, 1600, 1700, 1800, 1900, 2000, 2100, 2200, 2300, 2400, 2500, 2600, 2700, 2800, 2900, 3000, 3100, 3200, 3300, 3400, 3500, 3600, 3700, 3800, 3900, 4000, 4100, 4200, 4300, 4400, 4500, 4600, 4700, 4800, 4900, 5000], "loss": [82.39581381687547, 82.49114623805548, 82.52961031096947, 82.5300907276203, 82.49689199711753, 82.46426591739771, 82.44204738502238, 82.38991928292334, 82.3346855209969, 82.29747969505497, 82.23422168657947, 82.16098523342586, 82.1071615451055, 82.02433758043075, 81.93956482119255, 81.87334474962734, 81.82505005074762, 81.72032870928957, 81.6315514563221, 81.50495386358868, 81.37495258748706, 81.27560601256872, 81.11622529531833, 80.98272017038241, 80.87401051743191, 80.6964977416242, 80.54197881890484, 80.42665366845279, 80.2173469471763, 80.03213876118376, 79.88935308117016, 79.66079658641581, 79.49672495182757, 79.3461894772624, 79.09727617607012, 78.90700101589424, 78.73613437014178, 78.47282686573588, 78.22610740428593, 78.0428717173707, 77.75588734405511, 77.5438856897441, 77.34554534551236, 77.0866512032787, 76.87364561326588, 76.66573265720604, 76.31126309445048, 76.08880332338592, 75.88297130264351, 75.51926625123623, 75.28749484897816], "time_total": [0, 1.0725997000117786, 2.138563200001954, 3.2056989000120666, 4.269352500006789, 5.338335200009169, 6.418276199998218, 7.4854402000055416, 8.554139600004419, 9.623311500006821, 10.69347340000968, 11.765469500009203, 12.858666500003892, 13.99196440000378, 15.058888800005661, 16.123858600010863, 17.194011300001875, 18.26648780000687, 19.337487800003146, 20.40911980000965, 21.478310100006638, 22.549554000011995, 23.624017699999968, 24.697241600006237, 25.766810600005556, 26.840841199998977, 27.91459179999947, 28.985920600011013, 30.055755300010787, 31.130521500002942, 32.20029890000296, 33.27024220000021, 34.339254000005894, 35.43619849999959, 36.523660800012294, 37.57471450000594, 38.62556250000489, 39.67428240001027, 40.72476300000562, 41.77954580000369, 42.830547600009595, 43.88130230001116, 44.93118230000255, 45.98795080000127, 47.03795060000266, 48.08919579999929, 49.14033090000157, 50.20680980000179, 51.27933889999986, 52.34974950000469, 53.423665300011635], "ram_usage": [0, 1.140625, 1.25, 1.25, 1.25, 1.25390625, 1.25390625, 1.25390625, 1.2578125, 1.265625, 1.29296875, 1.3359375, 1.33984375, 1.39453125, 1.39453125, 0.734375, 0.74609375, 0.74609375, 0.8515625, 0.8515625, 0.8515625, 0.8515625, 0.8515625, 0.80078125, 0.80078125, 0.8046875, 0.8046875, 0.8046875, 0.8046875, 0.8046875, 0.8046875, 0.8046875, 0.8046875, 0.80859375, 0.80859375, 0.80859375, 0.80859375, 0.80859375, 0.80859375, 0.80859375, 0.80859375, 0.859375, 0.859375, 0.859375, 0.859375, 0.86328125, 0.86328125, 0.86328125, 0.86328125, 0.86328125, 0.8671875], "accuracy": [0.0, 0.0, 4.0, 0.0, 0.0, 4.0, 12.0, 8.0, 4.0, 8.0, 8.0, 4.0, 16.0, 16.0, 4.0, 0.0, 4.0, 8.0, 4.0, 12.0, 0.0, 4.0, 4.0, 4.0, 4.0, 4.0, 8.0, 8.0, 8.0, 4.0, 0.0, 4.0, 0.0, 4.0, 4.0, 0.0, 4.0, 12.0, 0.0, 0.0, 0.0, 0.0, 8.0, 4.0, 4.0, 4.0, 8.0, 8.0, 0.0, 4.0, 4.0]}