{"name": "H100_S25_I27_SHORT", "h_size": 100, "t_steps": 25, "learning_rate": 0.1, "weight_sd": 0.1, "input_text_size": 27, "input_text": "shortererer", "iterations": [0, 100, 200, 300, 400, 500, 600, 700, 800, 900, 1000, 1100, 1200, 1300, 1400, 1500, 1600, 1700, 1800, 1900, 2000, 2100, 2200, 2300, 2400, 2500, 2600, 2700, 2800, 2900, 3000, 3100, 3200, 3300, 3400, 3500, 3600, 3700, 3800, 3900, 4000, 4100, 4200, 4300, 4400, 4500, 4600, 4700, 4800, 4900, 5000], "loss": [82.40229946506666, 82.42998680947359, 82.34560978954413, 82.16972127119067, 82.04435795564223, 81.73505656990805, 81.33563780910933, 80.84262720732855, 80.28929079955867, 79.6765372241536, 78.97281535257362, 78.1512614980247, 77.21559488754531, 76.24840100655487, 75.19221846184871, 74.030431386659, 72.7764205277738, 71.52405940119745, 70.24531288003342, 68.87571360652899, 67.46595822378168, 66.13536324521245, 64.74538179144665, 63.27870849851498, 61.76019632681152, 60.2260725641261, 58.79160934473646, 57.320824733667706, 55.816580583071826, 54.37284527440376, 52.92614705372897, 51.5358605450569, 50.19156816814087, 48.882053486412296, 47.62773888114685, 46.42817321770997, 45.225028211610585, 44.04153901589704, 42.88491940386393, 41.60292141498876, 40.40044527463786, 39.25675826323738, 38.09953033835902, 37.10337363591713, 36.01120464966957, 34.98130702712338, 34.02737872818706, 33.03268810275311, 32.11978541785666, 31.222804337449524, 30.392776198980346], "time_total": [0, 1.0700349999970058, 2.1635387999995146, 3.1986266000021715, 4.230827699997462, 5.271723400001065, 6.304265099999611, 7.338688799994998, 8.369080499993288, 9.399622400000226, 10.433009500004118, 11.487843399998383, 12.524623699995573, 13.559083500003908, 14.589336200006073, 15.627716300004977, 16.659605099994224, 17.687762699992163, 18.714667799999006, 19.746189500001492, 20.78649879999284, 21.823552899993956, 22.859118099993793, 23.895967299991753, 24.932359400001587, 25.96666120000009, 27.0023785999947, 28.038031000003684, 29.066953400004422, 30.0958885, 31.125103900005342, 32.154157900004066, 33.18498740000359, 34.21504189999541, 35.24447099999816, 36.27317519999633, 37.30352549999952, 38.33479969999462, 39.36357250000583, 40.39609520000522, 41.42514079999819, 42.45248150000407, 43.48338399999193, 44.51149200000509, 45.544064699992305, 46.57620670000324, 47.634528700000374, 48.70581250000396, 49.77317839999159, 50.842764699991676, 51.91023579999455], "ram_usage": [0, 1.125, 1.26171875, 1.34375, 1.34375, 1.34765625, 1.34765625, 1.34765625, 1.35546875, 1.36328125, 1.3671875, 1.40625, 1.40625, 1.4609375, 1.4609375, 0.71484375, 0.7421875, 0.7421875, 0.7421875, 0.7421875, 0.74609375, 0.74609375, 0.74609375, 0.74609375, 0.74609375, 0.75, 0.75, 0.75, 0.75, 0.75, 0.75, 0.75, 0.75, 0.75390625, 0.75390625, 0.75390625, 0.75390625, 0.75390625, 0.75390625, 0.75390625, 0.75390625, 0.75390625, 0.69921875, 0.69921875, 0.69921875, 0.69921875, 0.69921875, 0.69921875, 0.69921875, 0.69921875, 0.69921875], "accuracy": [8.0, 4.0, 4.0, 4.0, 8.0, 8.0, 4.0, 4.0, 0.0, 0.0, 0.0, 8.0, 0.0, 4.0, 8.0, 0.0, 0.0, 0.0, 8.0, 0.0, 4.0, 16.0, 12.0, 0.0, 0.0, 4.0, 4.0, 0.0, 4.0, 0.0, 4.0, 4.0, 0.0, 12.0, 8.0, 4.0, 4.0, 0.0, 0.0, 0.0, 8.0, 8.0, 28.000000000000004, 0.0, 8.0, 4.0, 0.0, 4.0, 16.0, 0.0, 4.0]}