{"name": "H100_S25_I164_smallll", "h_size": 100, "t_steps": 25, "learning_rate": 0.1, "weight_sd": 0.1, "input_text_size": 164, "input_text": "chinese_small", "iterations": [0, 100, 200, 300, 400, 500, 600, 700, 800, 900, 1000, 1100, 1200, 1300, 1400, 1500, 1600, 1700, 1800, 1900, 2000, 2100, 2200, 2300, 2400, 2500, 2600, 2700, 2800, 2900, 3000, 3100, 3200, 3300, 3400, 3500, 3600, 3700, 3800, 3900, 4000, 4100, 4200, 4300, 4400, 4500, 4600, 4700, 4800, 4900, 5000], "loss": [127.52498486799234, 119.26637083455583, 111.13463981221618, 102.59486686681757, 94.59749494812588, 93.12861995293862, 88.20809906454195, 83.64948057980256, 79.1546281632983, 75.56207576094442, 74.20844945178526, 70.4413323636263, 66.66577218105645, 63.37199001199809, 62.57667543983136, 59.9924165700569, 57.08691450825767, 54.35391739589245, 51.79879069183695, 52.24616588860763, 49.86358937114649, 47.513375871152505, 45.55391903844781, 43.558294605153264, 44.70028725538891, 42.75707784479355, 41.15597429359814, 39.5898103139979, 38.2397858395901, 39.54085749932292, 38.105371289971615, 36.90337676308922, 35.60682739681757, 34.88570082346816, 36.1136210299662, 35.04342040472504, 33.88285773733833, 33.00328161695531, 34.23814976097052, 33.68170503217813, 32.775303502004945, 31.898447237036315, 31.09141122503758, 32.9445591837521, 32.074313025267294, 31.105636003375263, 30.381574219640715, 29.517574754478336, 31.569368365354542, 30.601810304811462, 29.86943896957984], "time_total": [0, 1.3923549000028288, 2.7522511999995913, 4.0963772000104655, 5.4412293000059435, 6.792032500001369, 8.139024700009031, 9.490163200011011, 10.845696700009285, 12.242013300012331, 13.634373699998832, 15.027697000012267, 16.418010500012315, 17.810446200004662, 19.20188780000899, 20.598332000008668, 21.99313550000079, 23.385749600012787, 24.77900410001166, 26.170099599999958, 27.56489330000477, 28.962724000011804, 30.35849589999998, 31.754358500009403, 33.152229900006205, 34.550293100008275, 35.9491366000002, 37.34383190001245, 38.76031209999928, 40.1587048000074, 41.565551200008485, 42.96121340000536, 44.35958750000282, 45.760468600012246, 47.160491600006935, 48.558606700011296, 49.959461900012684, 51.35826890000317, 52.754963600003975, 54.15366310000536, 55.5493690000003, 56.94589300001098, 58.34390760000679, 59.742100300005404, 61.13564670000051, 62.534284900000785, 63.93142980000994, 65.3301133000059, 66.80016260000411, 68.20352980001189, 69.68847660000029], "ram_usage": [0, 1.34375, 1.43359375, 1.43359375, 1.4375, 1.4375, 1.4375, 1.44140625, 1.44140625, 1.453125, 1.453125, 1.5, 1.51171875, 1.51171875, 1.51171875, 1.51171875, 1.51171875, 1.109375, 1.05859375, 1.05859375, 0.74609375, 0.8046875, 0.8046875, 0.8046875, 0.8046875, 0.80859375, 0.80859375, 0.80859375, 0.80859375, 0.80859375, 0.80859375, 0.80859375, 0.80859375, 0.8125, 0.8125, 0.8125, 0.8125, 0.8125, 0.81640625, 0.81640625, 0.81640625, 0.84765625, 0.9140625, 0.91796875, 0.91796875, 0.921875, 0.921875, 0.92578125, 0.92578125, 0.9296875, 0.93359375], "accuracy": [0.0, 96.0, 96.0, 12.0, 52.0, 60.0, 60.0, 12.0, 92.0, 0.0, 84.0, 68.0, 96.0, 96.0, 8.0, 16.0, 56.00000000000001, 0.0, 8.0, 4.0, 4.0, 92.0, 8.0, 68.0, 0.0, 96.0, 96.0, 12.0, 52.0, 60.0, 60.0, 24.0, 92.0, 0.0, 84.0, 68.0, 96.0, 96.0, 8.0, 16.0, 56.00000000000001, 28.000000000000004, 64.0, 4.0, 4.0, 92.0, 88.0, 68.0, 80.0, 96.0, 96.0]}