{"name": "H100_S25_I27_unique_27", "h_size": 100, "t_steps": 25, "learning_rate": 0.1, "weight_sd": 0.1, "input_text_size": 27, "input_text": "all_letters_more", "iterations": [0, 100, 200, 300, 400, 500, 600, 700, 800, 900, 1000, 1100, 1200, 1300, 1400, 1500, 1600, 1700, 1800, 1900, 2000, 2100, 2200, 2300, 2400, 2500, 2600, 2700, 2800, 2900, 3000, 3100, 3200, 3300, 3400, 3500, 3600, 3700, 3800, 3900, 4000, 4100, 4200, 4300, 4400, 4500, 4600, 4700, 4800, 4900, 5000], "loss": [82.3952477937398, 84.73604608436973, 85.13099376069657, 85.33745917035786, 85.41841259361667, 85.43431484965517, 85.42947588138327, 85.39289432002722, 85.32584956829501, 85.24347419480176, 85.1677875917933, 85.08414924417282, 84.99494899813794, 84.91986467366883, 84.83280800538623, 84.75241697470864, 84.6804967862958, 84.59733811056806, 84.5238571051433, 84.4552141301835, 84.38141378696665, 84.32199665024517, 84.25389822928302, 84.1901649347925, 84.13123261122956, 84.0734811260504, 84.01758641474689, 83.96240225638427, 83.91930374687357, 83.86936675961596, 83.84099162046591, 83.80663419341502, 83.7553365546885, 83.70419484932154, 83.67329008051513, 83.62553410822774, 83.57914839194493, 83.55479485396025, 83.5090890287281, 83.46960188758852, 83.44545329045721, 83.39692951193874, 83.35240785556121, 83.33673723003936, 83.2961782339761, 83.24255289797303, 83.22098028914345, 83.1675843804419, 83.12063898998986, 83.10129238998289, 83.05953347118522], "time_total": [0, 1.079490900010569, 2.14549110000371, 3.2082799000054365, 4.276056800008519, 5.345871600002283, 6.412354900006903, 7.480902100011008, 8.51458280000952, 9.544858600012958, 10.575155300000915, 11.608129100000951, 12.643218900004285, 13.676761300012004, 14.706855300013558, 15.739337900013197, 16.76949850001256, 17.80343250000442, 18.835138900001766, 19.869699800008675, 20.900736600000528, 21.939618700009305, 22.978994000004604, 24.0093157000083, 25.046687000009115, 26.077101800008677, 27.109946800002945, 28.147044900004403, 29.182972100010375, 30.222465100014233, 31.257407300014165, 32.2972129000118, 33.33474879999994, 34.37361370000872, 35.41012670000782, 36.446159400002216, 37.48284880000574, 38.52046150001115, 39.55764840000484, 40.607515400013654, 41.64346150000347, 42.67845620001026, 43.7163520000031, 44.755173400000785, 45.794229100007215, 46.83130330000131, 47.8687889000139, 48.907497100008186, 49.942138200000045, 50.9767850000062, 52.02844520000508], "ram_usage": [0, 1.07421875, 1.2265625, 1.2421875, 1.2421875, 1.2421875, 1.2421875, 1.2421875, 1.2421875, 1.26171875, 1.2734375, 1.33203125, 1.35546875, 1.35546875, 1.359375, 0.73046875, 0.734375, 0.8359375, 0.86328125, 0.86328125, 0.86328125, 0.86328125, 0.86328125, 0.86328125, 0.86328125, 0.8671875, 0.8671875, 0.8671875, 0.88671875, 0.88671875, 0.88671875, 0.88671875, 0.88671875, 0.890625, 0.890625, 0.890625, 0.890625, 0.890625, 0.890625, 0.890625, 0.890625, 0.98828125, 0.98828125, 0.98828125, 0.98828125, 0.98828125, 0.98828125, 0.98828125, 0.98828125, 0.98828125, 0.98828125], "accuracy": [4.0, 4.0, 0.0, 4.0, 4.0, 4.0, 0.0, 8.0, 4.0, 0.0, 4.0, 8.0, 4.0, 16.0, 0.0, 0.0, 4.0, 0.0, 4.0, 0.0, 4.0, 0.0, 8.0, 4.0, 0.0, 0.0, 0.0, 0.0, 0.0, 8.0, 4.0, 4.0, 8.0, 4.0, 0.0, 8.0, 4.0, 0.0, 0.0, 0.0, 4.0, 0.0, 0.0, 4.0, 8.0, 12.0, 4.0, 4.0, 4.0, 8.0, 4.0]}