{"name": "H100_S25_I43811_0", "h_size": 100, "t_steps": 25, "input_text_size": 43811, "input_text": "Pan Tadeusz ks. I", "iterations": [0, 1000, 2000, 3000, 4000, 5000, 6000, 7000, 8000, 9000, 10000, 11000, 12000, 13000, 14000, 15000, 16000, 17000, 18000, 19000, 20000, 21000, 22000, 23000, 24000, 25000, 26000, 27000, 28000, 29000, 30000, 31000, 32000, 33000, 34000, 35000, 36000, 37000, 38000, 39000, 40000, 41000, 42000, 43000, 44000, 45000, 46000, 47000, 48000, 49000, 50000, 51000, 52000, 53000, 54000, 55000, 56000, 57000, 58000, 59000, 60000, 61000, 62000, 63000, 64000, 65000, 66000, 67000, 68000, 69000, 70000, 71000, 72000, 73000, 74000, 75000, 76000, 77000, 78000, 79000, 80000, 81000, 82000, 83000, 84000, 85000, 86000, 87000, 88000, 89000, 90000, 91000, 92000, 93000, 94000, 95000, 96000, 97000, 98000, 99000, 100000, 101000, 102000, 103000, 104000, 105000, 106000, 107000, 108000, 109000, 110000, 111000, 112000, 113000, 114000, 115000, 116000, 117000, 118000, 119000, 120000, 121000, 122000, 123000, 124000, 125000, 126000, 127000, 128000, 129000, 130000, 131000, 132000, 133000, 134000, 135000, 136000, 137000, 138000, 139000, 140000, 141000, 142000, 143000, 144000, 145000, 146000, 147000, 148000, 149000, 150000, 151000, 152000, 153000, 154000, 155000, 156000, 157000, 158000, 159000, 160000, 161000, 162000, 163000, 164000, 165000, 166000, 167000, 168000, 169000, 170000, 171000, 172000, 173000, 174000, 175000, 176000, 177000, 178000, 179000, 180000, 181000, 182000, 183000, 184000, 185000, 186000, 187000, 188000, 189000, 190000, 191000, 192000, 193000, 194000, 195000, 196000, 197000, 198000, 199000, 200000], "loss": [106.56723894917539, 80.4285211297108, 66.80352639484815, 59.98821243228955, 56.56300811164756, 54.26583011617606, 52.79028211175198, 52.193021847279894, 51.25764127469521, 50.6686697441798, 49.450523242605485, 48.93470930095537, 47.77928602618616, 47.42269734172316, 47.100640457635144, 46.65830138428334, 46.339548119599385, 45.37460129017451, 45.11166226192119, 44.1197244110779, 44.049060192636084, 43.702052172483405, 43.51987393304018, 43.26420486835285, 42.57148246012527, 42.415240723240274, 41.575100425386864, 41.54635109024067, 41.270542131571354, 41.19860566779352, 41.14979938650661, 40.47155858023197, 40.44700538133986, 39.761157582317246, 39.78987742155723, 39.52802657544593, 39.54241032671844, 39.52886581651675, 38.93822783552298, 38.9840951853774, 38.25962387367548, 38.37338914870555, 38.1121908423154, 38.22758632697222, 38.17657396260262, 37.710405929091316, 37.850883514256665, 37.20281451160999, 37.339699253692636, 37.03599476259359, 37.18704615270616, 37.17149113201964, 36.7129958970953, 36.85654610909413, 36.29338981804411, 36.476691625673794, 36.098547148960044, 36.230801222405475, 36.29062476288332, 35.91615609306577, 36.11260761841496, 35.532478235747014, 35.64494345332698, 35.324971075842875, 35.510039439944755, 35.491853345968636, 35.201562158761774, 35.36673732641891, 34.85882554059613, 35.00351941311629, 34.64223413123397, 34.801504989192736, 34.947416319714684, 34.51378253518623, 34.72469500605001, 34.19945203598972, 34.33099181879842, 34.02211529340239, 34.26185208416013, 34.36487604652442, 33.964494495710696, 34.23127914815204, 33.76760891146106, 33.82500521056644, 33.47965064524121, 33.61938893800303, 33.67973165095678, 33.511380606654306, 33.73102457057267, 33.27560693377539, 33.4392520522599, 33.11977610490644, 33.32578835047988, 33.32032774305633, 33.079537869871764, 33.254725014174824, 32.75842204794738, 32.92169579383426, 32.67050743750115, 32.82975536450773, 32.83538090760282, 32.6298583668453, 32.7573436176097, 32.384272201334376, 32.61285511160554, 32.24341730192796, 32.3760200735711, 32.50174779901686, 32.22331346506137, 32.41111861135355, 32.07013292999617, 32.23760561038108, 31.913361570906662, 32.11422472145616, 32.181909616413, 31.943714232439635, 32.160975921736394, 31.80777592023327, 31.96285336952892, 31.495200905034057, 31.698342328241818, 31.783399348034564, 31.738844864246904, 31.838640860972383, 31.56884149639583, 31.65805149132907, 31.262646049839883, 31.426736237801848, 31.419416392442642, 31.37887891128431, 31.567585859013338, 31.247555803531565, 31.4820741925991, 31.13221522282984, 31.157423155085457, 31.429787441943706, 31.232721612564593, 31.370616155494236, 31.11908989345231, 31.10144402711822, 30.624492646400252, 30.926935898966487, 30.976733762788548, 30.99937221339114, 31.20689999299419, 30.926080219567822, 30.88591749192746, 30.425557253631645, 30.790064125266344, 30.787292614634396, 30.69855913050313, 30.946427709816568, 30.668463895403143, 30.677446306404217, 30.135225321148752, 30.55355554407665, 30.61169775842421, 30.412194364565277, 30.69805820908596, 30.330595953473054, 30.415417413342954, 29.920213782101744, 30.286323761469234, 30.23646886375113, 30.124273762333395, 30.487082567807608, 30.114931375554548, 30.288345913253824, 29.839405210947408, 30.056997408894883, 30.29842500620405, 30.109957732371324, 30.364235978911925, 30.07230650764986, 30.138761146585757, 29.67053262292566, 29.934843550911317, 30.088047789576795, 29.914383400774707, 30.101868911474945, 29.90708514844286, 30.128896262100728, 29.57261814094496, 29.682801866913277, 29.96744994595589, 29.787645461403745, 29.914725533031252, 29.61408276592129, 29.782350140963757, 29.35019848289823, 29.483541541524406, 29.56280617663453, 29.49808456140735, 29.750767627677682, 29.418550896494462, 29.680174058083516, 29.25941163008673, 29.361445978379315, 29.299344798910596, 29.349357501443258, 29.56335172672038],