{"name": "H100_S25_I350_csmall", "h_size": 100, "t_steps": 25, "learning_rate": 0.1, "weight_sd": 0.1, "input_text_size": 350, "input_text": "chinese_small", "iterations": [0, 100, 200, 300, 400, 500, 600, 700, 800, 900, 1000, 1100, 1200, 1300, 1400, 1500, 1600, 1700, 1800, 1900, 2000, 2100, 2200, 2300, 2400, 2500, 2600, 2700, 2800, 2900, 3000, 3100, 3200, 3300, 3400, 3500, 3600, 3700, 3800, 3900, 4000, 4100, 4200, 4300, 4400, 4500, 4600, 4700, 4800, 4900, 5000], "loss": [146.44814494620545, 143.1352894478993, 138.3656562224756, 131.95281994792248, 124.88985977912763, 118.36833859686399, 112.4455086774137, 105.49800980263485, 98.03061863108815, 91.15131186906426, 85.37746837198846, 80.5404824392807, 74.79622797525742, 68.95034337603357, 63.697087975056206, 59.593890380982884, 55.94318998709057, 51.687179432711176, 47.45690235008371, 43.728759416593824, 41.014932055992546, 38.32392230179201, 35.334024449951414, 32.389853975684495, 29.829517482643734, 28.04524170647604, 26.18334984996992, 24.13728579438208, 22.13537534712065, 20.39238092397739, 19.3134872357903, 18.092212051477475, 16.684365229844456, 15.325086525667835, 14.151796849062546, 13.614191752227624, 12.655190652367077, 11.69121015434691, 10.754713035670528, 9.95881240111648, 9.759985537134595, 9.033893978313992, 8.361563643104619, 7.729050891337851, 7.1659240100916435, 7.100695298516761, 6.582461321796489, 6.134560180436997, 5.701405828802048, 5.308198648263766, 5.302537951789763], "time_total": [0, 1.65904810000211, 3.41674340001191, 5.159810500001186, 6.87585019999824, 8.575072400009958, 10.273891300006653, 11.970043100009207, 13.667597899999237, 15.421905499999411, 17.17768330000399, 18.930504700008896, 20.681405200011795, 22.435572900008992, 24.19063389999792, 25.94483740000578, 27.702707100004773, 29.456681000010576, 31.215033200001926, 32.96394440000586, 34.704522, 36.45266110000375, 38.22167189999891, 39.950231599999825, 41.71639410000353, 43.47754610000993, 45.236533700008295, 46.983731900007115, 48.71408460001112, 50.47284120001132, 52.234115200000815, 53.98859280000033, 55.732740999999805, 57.456860400008736, 59.1623954000097, 60.888166600008844, 62.64037439999811, 64.39943810000841, 66.15236259999801, 67.90983650000999, 69.66116620000685, 71.4200744000118, 73.17643640001188, 74.92906550000771, 76.68164960001013, 78.42704950000916, 80.17448320001131, 81.90423430000374, 83.63456120000046, 85.39041820001148, 87.14641630000551], "ram_usage": [0, 2.19140625, 1.95703125, 1.95703125, 2.21484375, 2.21484375, 2.21875, 2.21875, 1.9296875, 1.88671875, 1.90234375, 1.578125, 1.578125, 1.640625, 1.64453125, 1.328125, 1.3984375, 1.4140625, 1.24609375, 1.24609375, 1.24609375, 1.33203125, 1.33203125, 1.33203125, 1.33203125, 1.28125, 1.30078125, 1.30078125, 1.3671875, 1.37109375, 1.375, 1.375, 1.3828125, 1.38671875, 1.390625, 1.390625, 1.390625, 1.39453125, 1.39453125, 1.39453125, 1.39453125, 1.39453125, 1.4921875, 1.4921875, 1.4921875, 1.4921875, 1.4921875, 1.49609375, 1.49609375, 1.49609375, 1.49609375], "accuracy": [4.0, 4.0, 8.0, 0.0, 0.0, 4.0, 4.0, 12.0, 4.0, 12.0, 0.0, 12.0, 8.0, 8.0, 8.0, 8.0, 12.0, 4.0, 12.0, 8.0, 12.0, 4.0, 12.0, 4.0, 12.0, 12.0, 8.0, 8.0, 8.0, 0.0, 8.0, 12.0, 12.0, 4.0, 0.0, 8.0, 4.0, 0.0, 4.0, 12.0, 0.0, 4.0, 12.0, 12.0, 4.0, 8.0, 8.0, 8.0, 8.0, 8.0, 16.0]}