{"name": "H100_S25_I27_LONG", "h_size": 100, "t_steps": 25, "learning_rate": 0.1, "weight_sd": 0.1, "input_text_size": 27, "input_text": "all_letters_more", "iterations": [0, 100, 200, 300, 400, 500, 600, 700, 800, 900, 1000, 1100, 1200, 1300, 1400, 1500, 1600, 1700, 1800, 1900, 2000, 2100, 2200, 2300, 2400, 2500, 2600, 2700, 2800, 2900, 3000, 3100, 3200, 3300, 3400, 3500, 3600, 3700, 3800, 3900, 4000, 4100, 4200, 4300, 4400, 4500, 4600, 4700, 4800, 4900, 5000], "loss": [82.39571497481782, 85.19680608135556, 85.65079189610027, 85.8566516069704, 85.96465651898937, 85.98141881419654, 86.00174085104102, 85.96838189538344, 85.89156834198839, 85.81262914011292, 85.72905585093888, 85.62975012610411, 85.53451886647846, 85.44898510775525, 85.34777030576588, 85.26755024353949, 85.18088282468717, 85.08633482426383, 84.99905804412509, 84.91901458320218, 84.83297374188182, 84.76851724129872, 84.69355708586933, 84.62175193890896, 84.55663303729412, 84.49118535867808, 84.42605054840377, 84.39332514356352, 84.33855750404535, 84.28291710569464, 84.23107016363984, 84.18844788292219, 84.13931396224308, 84.10142432257511, 84.06416481119358, 84.02329950081669, 83.99433867613484, 83.96294495643602, 83.92079603636445, 83.88781145745013, 83.85782822766612, 83.82392719750665, 83.79423097967552, 83.7724059814707, 83.74003872380919, 83.71265811443146, 83.69448199055233, 83.66519519042055, 83.65083839102671, 83.6335900327813, 83.60760659853469], "time_total": [0, 1.0678052000002936, 2.1317601000046125, 3.1927922000031685, 4.256215200002771, 5.323282299999846, 6.385792700006277, 7.448120500004734, 8.51372810000612, 9.576117200005683, 10.638924099999713, 11.70499500000733, 12.768406400005915, 13.835092900000745, 14.901484800007893, 15.967779800004791, 17.032494099999894, 18.09625170000072, 19.15982929999882, 20.225986999997986, 21.290754300003755, 22.355573599998024, 23.42142490000697, 24.487495099994703, 25.55066550000629, 26.61769290000666, 27.6791813000018, 28.74460309999995, 29.809586799994577, 30.873709299994516, 31.9360175000038, 33.001790399997844, 34.06657840000116, 35.130183600005694, 36.19477210000332, 37.25954769999953, 38.36172770000121, 39.46812720000162, 40.57412550000299, 41.68249970000761, 42.78613700000278, 43.89365070000349, 45.000109400003566, 46.10955750000721, 47.21791140000278, 48.32826560000831, 49.436446200008504, 50.548691400006646, 51.65697769999679, 52.76664940000046, 53.87928049999755], "ram_usage": [0, 1.12109375, 1.16796875, 1.171875, 1.171875, 1.1875, 1.1875, 1.1875, 1.19140625, 1.20703125, 1.2109375, 1.24609375, 1.25390625, 0.81640625, 0.81640625, 0.89453125, 0.91796875, 0.91796875, 0.91796875, 0.91796875, 0.93359375, 0.93359375, 0.93359375, 0.93359375, 0.93359375, 0.9375, 0.9375, 0.9375, 0.95703125, 0.95703125, 0.95703125, 0.95703125, 0.95703125, 0.9609375, 0.9609375, 0.9609375, 0.9609375, 0.9609375, 0.9609375, 0.9609375, 0.9609375, 1.03515625, 1.03515625, 1.03515625, 1.03515625, 1.03515625, 0.984375, 0.984375, 0.984375, 0.984375, 0.984375], "accuracy": [8.0, 0.0, 0.0, 4.0, 4.0, 4.0, 4.0, 8.0, 0.0, 0.0, 4.0, 12.0, 4.0, 8.0, 4.0, 0.0, 0.0, 4.0, 0.0, 0.0, 8.0, 0.0, 4.0, 0.0, 12.0, 0.0, 12.0, 0.0, 4.0, 0.0, 8.0, 4.0, 4.0, 0.0, 0.0, 4.0, 4.0, 0.0, 4.0, 4.0, 8.0, 4.0, 0.0, 0.0, 8.0, 0.0, 0.0, 8.0, 4.0, 0.0, 8.0]}