{"name": "H100_S25_I27_", "h_size": 100, "t_steps": 25, "learning_rate": 0.1, "weight_sd": 0.1, "input_text_size": 27, "input_text": "shorter", "iterations": [0, 100, 200, 300, 400, 500, 600, 700, 800, 900, 1000, 1100, 1200, 1300, 1400, 1500, 1600, 1700, 1800, 1900, 2000, 2100, 2200, 2300, 2400, 2500, 2600, 2700, 2800, 2900, 3000, 3100, 3200, 3300, 3400, 3500, 3600, 3700, 3800, 3900, 4000, 4100, 4200, 4300, 4400, 4500, 4600, 4700, 4800, 4900, 5000], "loss": [82.39684392179637, 82.51467728029621, 82.51053347476375, 82.46967913855283, 82.42298863390889, 82.35122450084278, 82.28654975444232, 82.19881210287612, 82.11492256787292, 82.00274789094073, 81.90697183555491, 81.77567031237254, 81.66587427086812, 81.49020928969519, 81.3641264797242, 81.14460315251938, 80.99970740610354, 80.73550845515157, 80.55754354818298, 80.27345091227161, 80.07786847761766, 79.76518622511271, 79.52481349627908, 79.16970416217502, 78.88239808115846, 78.42179049961256, 78.12396225639256, 77.6105355246974, 77.29340467807576, 76.84105298500042, 76.45541857930951, 75.95266081976999, 75.54227222530356, 74.9616076853121, 74.51834351437479, 73.95184693490194, 73.48063465567161, 72.88070800171074, 72.39911587167084, 71.80366176007662, 71.29960058903252, 70.63622873514869, 70.11525039982044, 69.42969793184146, 68.9551615365426, 68.25537199980215, 67.75250890151669, 67.00750246318094, 66.56813548222267, 65.8506528488971, 65.34601996866766], "time_total": [0, 1.0705737000098452, 2.1337109000014607, 3.1981072000053246, 4.265486000003875, 5.353392900011386, 6.425387499999488, 7.543531100003747, 8.603115200006869, 9.645927800011123, 10.753551700006938, 11.80688889999874, 12.816667200007942, 13.8602200000023, 14.946840400007204, 16.057383400009712, 17.167251500010025, 18.27799529999902, 19.385756800009403, 20.496036000011372, 21.603835400004755, 22.714207500001066, 23.821770000009565, 24.931868300001952, 26.03297910001129, 27.10116750000452, 28.164130400007707, 29.233046300010756, 30.298938600011752, 31.36658840000746, 32.43148250000377, 33.49895020000986, 34.56441800000903, 35.63020179999876, 36.696729900009814, 37.76262000000861, 38.82715150000877, 39.89523370000825, 40.96219109999947, 42.02952950001054, 43.09703200000513, 44.164291900000535, 45.22731210000347, 46.29058130001067, 47.35551449999912, 48.42432900000131, 49.491334600010305, 50.56306420000328, 51.63166430000274, 52.73387860000366, 53.87370260000171], "ram_usage": [0, 1.08203125, 1.25, 1.25, 1.2578125, 1.2578125, 1.2578125, 1.2578125, 1.2578125, 1.28125, 1.30078125, 1.33984375, 1.34375, 0.859375, 0.88671875, 0.96875, 0.96875, 0.99609375, 0.99609375, 0.99609375, 0.99609375, 1.015625, 1.015625, 1.015625, 1.015625, 1.01953125, 1.01953125, 1.01953125, 1.03515625, 1.03515625, 1.03515625, 1.03515625, 1.03515625, 1.0390625, 1.0390625, 1.0390625, 1.0390625, 1.0390625, 1.0390625, 1.0390625, 1.0390625, 1.09375, 1.09375, 1.09375, 1.09375, 1.09375, 1.09765625, 1.09765625, 1.09765625, 1.09765625, 1.09765625], "accuracy": [4.0, 0.0, 12.0, 4.0, 8.0, 12.0, 4.0, 0.0, 0.0, 12.0, 8.0, 0.0, 12.0, 8.0, 8.0, 0.0, 4.0, 12.0, 8.0, 4.0, 0.0, 8.0, 4.0, 8.0, 8.0, 8.0, 8.0, 16.0, 8.0, 4.0, 4.0, 4.0, 8.0, 8.0, 4.0, 0.0, 4.0, 4.0, 0.0, 4.0, 8.0, 8.0, 0.0, 0.0, 4.0, 0.0, 4.0, 0.0, 0.0, 0.0, 8.0]}