{"name": "H100_S25_I450_clong", "h_size": 100, "t_steps": 25, "learning_rate": 0.1, "weight_sd": 0.1, "input_text_size": 450, "input_text": "chinese_long", "iterations": [0, 100, 200, 300, 400, 500, 600, 700, 800, 900, 1000, 1100, 1200, 1300, 1400, 1500, 1600, 1700, 1800, 1900, 2000, 2100, 2200, 2300, 2400, 2500, 2600, 2700, 2800, 2900, 3000, 3100, 3200, 3300, 3400, 3500, 3600, 3700, 3800, 3900, 4000, 4100, 4200, 4300, 4400, 4500, 4600, 4700, 4800, 4900, 5000], "loss": [152.7309694156646, 152.62226583534226, 156.78853910607035, 155.5085012795137, 153.74322782234012, 152.09575900108163, 149.44749100227347, 146.16383443481152, 142.19741410937803, 137.9042451021726, 133.60136337531372, 129.6258166107887, 125.14183104187822, 120.32677453782264, 115.88295862403685, 112.00911697538845, 108.33726834593696, 104.13089336837511, 99.90940323733243, 96.36120963040237, 93.17156398945396, 90.15561119907665, 86.57155450381707, 82.6425334464805, 79.29269399800967, 76.5543430256854, 73.92481306520527, 70.99146777751858, 67.61405048348061, 65.12797484287213, 63.09453804842892, 60.89951098238626, 58.3587785201464, 55.470341352086656, 53.486382090943735, 52.155656079969724, 50.11956643017066, 47.97686600468165, 45.50786289156077, 43.70466379505684, 42.791867411194836, 41.00942830275507, 39.36972371403785, 37.53755220282404, 36.121219722727574, 35.589296455016814, 34.043197298192865, 32.65358744593543, 31.016257904235783, 29.850367633278136, 29.545910597622868], "time_total": [0, 1.8594233000039821, 3.6454985000018496, 5.431983500006027, 7.215802500009886, 9.00013190000027, 10.8418243000051, 12.68852660000266, 14.50640480000584, 16.30943280000065, 18.110926800000016, 19.93213490000926, 21.737234200001694, 23.540049800009, 25.344254399999045, 27.148432000001776, 28.95317249999789, 30.75649169999815, 32.562788099996396, 34.36639229999855, 36.17421050000121, 37.97884530000738, 39.787212800001726, 41.591230200006976, 43.394102300007944, 45.19909730000654, 47.00393740000436, 48.80860780000512, 50.611917000001995, 52.4190976999962, 54.22993580000184, 56.06304160000582, 57.8678382000071, 59.67081280000275, 61.477867399997194, 63.28538889999618, 65.09244190000754, 66.89467510000395, 68.70353900000919, 70.50675280000723, 72.31113680000999, 74.11613750000834, 75.92709810000088, 77.73246610000206, 79.53548439999577, 81.34149279999838, 83.14363560000493, 84.95064640000055, 86.7560502999986, 88.56236150000768, 90.39839380000194], "ram_usage": [0, 2.66015625, 2.6875, 2.69140625, 2.70703125, 2.70703125, 2.7109375, 2.7109375, 2.7109375, 2.375, 2.30859375, 2.21484375, 2.09375, 2.21875, 2.22265625, 2.22265625, 1.98046875, 2.19140625, 2.19140625, 2.07421875, 2.07421875, 2.16796875, 2.16796875, 2.171875, 2.17578125, 2.1796875, 2.18359375, 2.18359375, 2.17578125, 2.1796875, 2.1796875, 2.1796875, 2.1875, 2.19140625, 2.19140625, 2.1953125, 2.1953125, 2.19921875, 2.19921875, 2.19921875, 2.19921875, 2.2578125, 2.2578125, 2.2578125, 2.2578125, 2.2578125, 2.2578125, 2.2578125, 2.2578125, 2.2578125, 2.2578125], "accuracy": [0.0, 0.0, 4.0, 8.0, 4.0, 12.0, 4.0, 8.0, 4.0, 16.0, 4.0, 12.0, 8.0, 12.0, 4.0, 12.0, 8.0, 8.0, 8.0, 4.0, 8.0, 8.0, 12.0, 4.0, 8.0, 12.0, 12.0, 12.0, 8.0, 16.0, 12.0, 12.0, 8.0, 12.0, 4.0, 8.0, 8.0, 20.0, 8.0, 12.0, 4.0, 12.0, 4.0, 12.0, 8.0, 12.0, 0.0, 4.0, 16.0, 16.0, 8.0]}