{"name": "H100_S25_I9_9_u_space", "h_size": 100, "t_steps": 25, "learning_rate": 0.1, "weight_sd": 0.1, "input_text_size": 9, "input_text": "less", "iterations": [0, 100, 200, 300, 400, 500, 600, 700, 800, 900, 1000, 1100, 1200, 1300, 1400, 1500, 1600, 1700, 1800, 1900, 2000, 2100, 2200, 2300, 2400, 2500, 2600, 2700, 2800, 2900, 3000, 3100, 3200, 3300, 3400, 3500, 3600, 3700, 3800, 3900, 4000, 4100, 4200, 4300, 4400, 4500, 4600, 4700, 4800, 4900, 5000], "loss": [54.92933466016865, 55.481968990413705, 54.73173684589231, 53.88401330682139, 53.08889422646808, 52.42081204508283, 51.70185218598777, 51.08303183904457, 50.54846266088342, 50.00655246693546, 49.513636136402795, 49.10646087823216, 48.678100609867236, 48.30039489920051, 48.012782569280716, 47.67847660695177, 47.39656928116398, 47.16616344589884, 46.92804031420062, 46.71471169324667, 46.53491587835393, 46.354872629788105, 46.18077193528808, 46.054420819815896, 45.92509665336502, 45.79885083277927, 45.68963068514179, 45.599623329856655, 45.50003564339138, 45.41332710188514, 45.349373510086714, 45.27405470089395, 45.207534577155954, 45.15948510167832, 45.10687132197252, 45.04899089269851, 45.00903726087009, 44.98495778713246, 44.931830127432725, 44.89765059734075, 44.88036651781209, 44.82880743362991, 44.80244285878057, 44.80558098036309, 44.763334756982154, 44.737024935603145, 44.7494139978871, 44.707304271757636, 44.6949978312651, 44.7107338432103, 44.66497680692145], "time_total": [0, 1.0498985000012908, 2.08983260000241, 3.129274599996279, 4.167914399993606, 5.194994099991163, 6.206928300001891, 7.23561219999101, 8.275900699998601, 9.316792800003896, 10.355390299999272, 11.397033599991119, 12.448021599993808, 13.459112299999106, 14.471009400003823, 15.486182599997846, 16.49742430000333, 17.546596599990153, 18.589177899993956, 19.63291329999629, 20.67381860000023, 21.71740339999087, 22.759465700000874, 23.80121949999011, 24.842997200001264, 25.885270799990394, 26.930354099997203, 27.972982299994328, 29.016313400003128, 30.061023200003547, 31.10383649999858, 32.1469281000027, 33.192768900000374, 34.23750609999115, 35.278985800003284, 36.32273269999132, 37.36453150000307, 38.40948940000089, 39.45274419999623, 40.49500690000423, 41.53724629999488, 42.5817948999902, 43.641185899992706, 44.686856300002546, 45.72616940000444, 46.7727550999989, 47.81626979999419, 48.85772590000124, 49.90003199999046, 50.94257909999578, 51.9871945999912], "ram_usage": [0, 1.0625, 1.1328125, 1.1484375, 1.23828125, 1.23828125, 1.2421875, 1.2421875, 1.25, 1.2734375, 1.29296875, 1.296875, 1.32421875, 1.38671875, 1.38671875, 0.83984375, 0.9140625, 0.9453125, 0.96484375, 0.96484375, 0.96484375, 1.0, 1.00390625, 1.0078125, 1.01171875, 1.015625, 1.015625, 1.01953125, 1.0390625, 1.04296875, 1.04296875, 0.9921875, 0.99609375, 1.0, 1.00390625, 1.00390625, 1.00390625, 1.0078125, 1.0078125, 1.0078125, 1.0078125, 1.0546875, 1.0546875, 1.0546875, 1.0546875, 1.0546875, 1.0546875, 1.05859375, 1.05859375, 1.05859375, 1.05859375], "accuracy": [8.0, 28.000000000000004, 20.0, 36.0, 24.0, 44.0, 52.0, 40.0, 32.0, 32.0, 32.0, 40.0, 40.0, 40.0, 28.000000000000004, 24.0, 48.0, 48.0, 36.0, 44.0, 36.0, 32.0, 52.0, 44.0, 24.0, 36.0, 44.0, 24.0, 44.0, 28.000000000000004, 16.0, 44.0, 48.0, 44.0, 32.0, 36.0, 56.00000000000001, 28.000000000000004, 32.0, 24.0, 32.0, 44.0, 40.0, 36.0, 40.0, 32.0, 56.00000000000001, 52.0, 40.0, 40.0, 28.000000000000004]}