{"name": "H100_S50_I43811_0", "h_size": 100, "t_steps": 50, "input_text_size": 43811, "input_text": "Pan Tadeusz ks. I", "iterations": [0, 1000, 2000, 3000, 4000, 5000, 6000, 7000, 8000, 9000, 10000, 11000, 12000, 13000, 14000, 15000, 16000, 17000, 18000, 19000, 20000, 21000, 22000, 23000, 24000, 25000, 26000, 27000, 28000, 29000, 30000, 31000, 32000, 33000, 34000, 35000, 36000, 37000, 38000, 39000, 40000, 41000, 42000, 43000, 44000, 45000, 46000, 47000, 48000, 49000, 50000, 51000, 52000, 53000, 54000, 55000, 56000, 57000, 58000, 59000, 60000, 61000, 62000, 63000, 64000, 65000, 66000, 67000, 68000, 69000, 70000, 71000, 72000, 73000, 74000, 75000, 76000, 77000, 78000, 79000, 80000, 81000, 82000, 83000, 84000, 85000, 86000, 87000, 88000, 89000, 90000, 91000, 92000, 93000, 94000, 95000, 96000, 97000, 98000, 99000, 100000, 101000, 102000, 103000, 104000, 105000, 106000, 107000, 108000, 109000, 110000, 111000, 112000, 113000, 114000, 115000, 116000, 117000, 118000, 119000, 120000, 121000, 122000, 123000, 124000, 125000, 126000, 127000, 128000, 129000, 130000, 131000, 132000, 133000, 134000, 135000, 136000, 137000, 138000, 139000, 140000, 141000, 142000, 143000, 144000, 145000, 146000, 147000, 148000, 149000, 150000, 151000, 152000, 153000, 154000, 155000, 156000, 157000, 158000, 159000, 160000, 161000, 162000, 163000, 164000, 165000, 166000, 167000, 168000, 169000, 170000, 171000, 172000, 173000, 174000, 175000, 176000, 177000, 178000, 179000, 180000, 181000, 182000, 183000, 184000, 185000, 186000, 187000, 188000, 189000, 190000, 191000, 192000, 193000, 194000, 195000, 196000, 197000, 198000, 199000, 200000], "loss": [213.13353969740004, 158.77571541962595, 129.23352179604234, 114.28696898039277, 106.83605361140957, 101.55062513071684, 97.69011419530001, 95.30611391904988, 93.14318596420341, 90.52232746144384, 88.37118420537901, 87.02795925152208, 85.04121388814733, 83.45693849339357, 82.67706254088499, 81.82978137921286, 80.46335438125854, 79.22737835902593, 78.58032571247493, 77.43000799573984, 76.45117223079255, 76.07652014022509, 75.67265623804661, 74.71810598664244, 73.97450480877153, 73.60867781029874, 72.70977355780748, 72.05407957599508, 71.69675847182646, 71.57215234069015, 70.88255876653356, 70.25525520352183, 70.0525872262235, 69.36781990238025, 68.79684221538602, 68.58070977004878, 68.78388300658841, 68.11108746990848, 67.62551267433562, 67.24673838132549, 66.79905419823315, 66.30356277143616, 66.18042231150554, 66.20034075552432, 65.7689484204498, 65.3559503386535, 65.26363036991826, 64.91498591955263, 64.45566389862452, 64.25438118644217, 64.32357387217574, 63.89395826118443, 63.69036386399486, 63.467484224897504, 63.06514703037412, 62.81233317947912, 62.54858476333278, 62.67773882751977, 62.478095568616986, 62.18976457657414, 61.99168472559974, 61.73409646835933, 61.48413409648271, 61.228825363960155, 61.4229347800769, 61.05097204683099, 60.9935676986291, 60.76282189304886, 60.49488342594178, 60.1416567556969, 59.836222453571864, 60.20378319074035, 59.98326371334716, 59.65668778593435, 59.553712165884114, 59.36599184622254, 59.16443470393151, 58.728776288447676, 59.04593860740117, 58.914418789490966, 58.678004659802994, 58.50185282374556, 58.34017461173155, 58.06612653388409, 57.649147385302285, 58.02080687523778, 57.99116992299144, 57.93812459543148, 57.54758929500288, 57.574726382158715, 57.30580499600341, 56.89468670694511, 57.14492732341463, 57.088076811053895, 57.067045324745315, 56.62686461527065, 56.76097116660957, 56.32857792760628, 55.987866691163276, 56.3697132738053, 56.4907179091642, 56.08904180807014, 55.94557802735727, 56.079838954746926, 55.72496763136198, 55.28151428431435, 55.58507970494036, 55.804251015014614, 55.47848587128936, 55.188219595133006, 55.447075001557394, 55.109782571658236, 54.71657859532082, 54.77899284080081, 55.026244258000155, 54.62064724919805, 54.464827396112895, 54.79604908103769, 54.47371780570599, 53.976943247982696, 54.441807941311566, 54.64887340837156, 54.1828759117095, 53.94667331338724, 54.1001471643045, 53.6921188775879, 53.572586638623015, 53.8908209030609, 54.03599530418096, 53.707229768074114, 53.341396469539625, 53.5312640250807, 53.40365806539261, 53.09106091137355, 53.20174949252706, 53.38969508212331, 53.17722424652416, 52.89267252821189, 53.05440718858828, 52.74701509370352, 52.69192174079997, 52.68173795150861, 52.89144872129593, 52.66641880641583, 52.328268281192415, 52.46410859737332, 52.33830316695732, 52.164453033679514, 52.19799756631695, 52.37715693439712, 52.176953812059274, 52.19273739962134, 52.14277941287773, 51.76762214341811, 51.72210201759885, 51.7958597579015, 52.059194933653316, 51.96389451819587, 51.68184102817877, 51.76422307124009, 51.36391217896576, 51.224943088864926, 51.28946729030565, 51.430309425482875, 51.45906361513265, 51.2382235839109, 51.26774284533357, 51.17121129064703, 50.92512668582882, 51.05357429826896, 51.179174770075484, 51.101217538152355, 50.9646334208883, 50.907745379021584, 50.682072980582824, 50.563283798494425, 50.48000857941214, 50.831616648918555, 50.40643557354486, 50.362845850601964, 50.37769604750039, 50.32264657815977, 50.22274680856831, 50.04813006480141, 50.43664899213472, 50.24485314018863, 50.12047269076559, 49.963468468917206, 50.013060358285216, 49.86889030821877, 49.71135080940851, 50.102037117099705, 50.04424255911261, 49.75121913484967, 49.80100657288844, 49.63031060368379, 49.520137262143244, 49.332157360129486, 49.818701541687524, 49.66865749066483, 49.45321550852749],