{"name": "H10_S25_I707_0", "h_size": 10, "t_steps": 25, "input_text_size": 707, "input_text": "Pan Tadeusz ks. I", "iterations": [0, 1000, 2000, 3000, 4000, 5000, 6000, 7000, 8000, 9000, 10000, 11000, 12000, 13000, 14000, 15000, 16000, 17000, 18000, 19000, 20000, 21000, 22000, 23000, 24000, 25000, 26000, 27000, 28000, 29000, 30000, 31000, 32000, 33000, 34000, 35000, 36000, 37000, 38000, 39000, 40000, 41000, 42000, 43000, 44000, 45000, 46000, 47000, 48000, 49000, 50000, 51000, 52000, 53000, 54000, 55000, 56000, 57000, 58000, 59000, 60000, 61000, 62000, 63000, 64000, 65000, 66000, 67000, 68000, 69000, 70000, 71000, 72000, 73000, 74000, 75000, 76000, 77000, 78000, 79000, 80000, 81000, 82000, 83000, 84000, 85000, 86000, 87000, 88000, 89000, 90000, 91000, 92000, 93000, 94000, 95000, 96000, 97000, 98000, 99000, 100000], "loss": [88.15900034347038, 63.244684504424114, 47.36208955259554, 38.53489900325694, 33.44933396742417, 30.40835617146108, 28.530565354030806, 27.417771786078216, 26.600832905138926, 25.984344155533453, 25.532607695291894, 25.234830529081126, 25.157482433530102, 24.972569697242168, 24.89087566458254, 24.640665215460263, 24.541387200499912, 24.486194667869434, 24.26854499491373, 24.04740060900533, 23.922883984549358, 23.65370446835317, 23.27421717997288, 23.22931197426232, 23.091623130691623, 22.909956580766323, 22.652282747455942, 22.77195768425221, 23.23887080842026, 22.920342805958846, 22.790303121076665, 22.47061516416752, 22.287270526854986, 21.95749654109784, 21.62174315873697, 21.494284391176645, 21.401212402862193, 21.4065296694216, 21.288276425318063, 21.08001649930915, 20.585455026205693, 20.80576774004975, 20.673893051344887, 20.112848628033362, 20.20875055792474, 20.303158034516393, 20.11845422833637, 19.979360688482313, 19.8250738757576, 19.876837412410843, 19.674784461239973, 20.03748137901753, 19.899902013456174, 19.798318243744898, 19.65815013039433, 19.22371751552407, 19.156072744130714, 18.89544092249246, 19.087326677050562, 19.11090125794407, 19.03596833307928, 18.973665448902825, 19.0739947176296, 19.037411528032113, 20.10529886469016, 20.168835259562606, 20.052918586436718, 20.73471667116808, 20.73160027342272, 20.847747600550314, 20.983200682144012, 20.83865072746563, 20.40321012155253, 20.890621240756946, 20.851197033597824, 21.096089228772282, 20.471406812217246, 19.954690158704317, 19.846876306992563, 20.309552434209866, 19.845471557810757, 19.767750826432685, 20.324427333819493, 20.02390840181448, 20.163308305513354, 20.043797944473926, 19.84027152653378, 19.257859042613386, 18.82080975933308, 18.60596247939567, 19.29328053362039, 19.072588763453727, 18.815347624034004, 18.532132796469735, 18.864136922255497, 18.772895759415444, 18.777242536426186, 19.462028449130628, 19.58939972649067, 19.39113410982902, 20.31709260372031], "time_total": [0, 3.0343954998534173, 6.020045599900186, 9.03057869989425, 12.023032199824229, 15.005126199917868, 18.01485909987241, 21.026462899986655, 24.04531449987553, 27.05046369996853, 30.04129399987869, 33.095642699860036, 36.14797529997304, 39.14788389997557, 42.13634079997428, 45.129363799933344, 48.14700599992648, 51.15196019993164, 54.18997760000639, 57.189156299922615, 60.20059399981983, 63.241384899942204, 66.2595844999887, 69.35070699988864, 72.40735869994387, 75.43854449992068, 78.46915939985774, 81.49621279980056, 84.55298799998127, 87.56709579983726, 90.61043609981425, 93.62079429998994, 96.63599679991603, 99.67503639985807, 102.7108155998867, 105.86574349994771, 108.89198799990118, 111.92996339988895, 114.99818150000647, 118.0364831998013, 121.06343399989419, 124.09955129981972, 127.12860829988495, 130.17287029977888, 133.19559929985553, 136.22417329996824, 139.3586892997846, 142.42510909982957, 145.48563589993864, 148.5261043999344, 151.59125719987787, 154.64580659987405, 157.6787619998213, 160.715023299912, 163.75702309980989, 166.80267139989883, 169.8761930000037, 172.9355905998964, 176.0852634999901, 179.14409259986132, 182.1873813997954, 185.22363919997588, 188.2695497998502, 191.32382369996049, 194.3785289998632, 197.43851159978658, 200.49955149996094, 203.5737493999768, 206.63181659998372, 209.76956229982898, 212.83400859986432, 215.9065249999985, 218.95095719979145, 222.01355139981024, 225.06583939981647, 228.1145020998083, 231.18667909991927, 234.27098439983092, 237.33136329986155, 240.49238049983978, 243.88901409995742, 247.397339399904, 250.69145569996908, 254.18813729984686, 258.83276619995013, 263.25423469999805, 267.57473629992455, 271.25378219992854, 274.3280092999339, 277.43872929993086, 280.5300625998061, 283.6026783999987, 286.79695139988326, 289.85145879979245, 292.91395859979093, 295.9905354999937, 299.05735429981723, 302.1448718998581, 305.2115006998647, 308.31406149989925, 311.39944969979115]}