{"name": "H10_S25_I43811_0", "h_size": 10, "t_steps": 25, "input_text_size": 43811, "input_text": "Pan Tadeusz ks. I", "iterations": [0, 1000, 2000, 3000, 4000, 5000, 6000, 7000, 8000, 9000, 10000, 11000, 12000, 13000, 14000, 15000, 16000, 17000, 18000, 19000, 20000, 21000, 22000, 23000, 24000, 25000, 26000, 27000, 28000, 29000, 30000, 31000, 32000, 33000, 34000, 35000, 36000, 37000, 38000, 39000, 40000, 41000, 42000, 43000, 44000, 45000, 46000, 47000, 48000, 49000, 50000, 51000, 52000, 53000, 54000, 55000, 56000, 57000, 58000, 59000, 60000, 61000, 62000, 63000, 64000, 65000, 66000, 67000, 68000, 69000, 70000, 71000, 72000, 73000, 74000, 75000, 76000, 77000, 78000, 79000, 80000, 81000, 82000, 83000, 84000, 85000, 86000, 87000, 88000, 89000, 90000, 91000, 92000, 93000, 94000, 95000, 96000, 97000, 98000, 99000, 100000], "loss": [106.56691600623607, 83.85406271965391, 72.8727496603587, 67.87608041649503, 65.51831837027953, 64.37480525787926, 63.5321550081074, 63.49078389910849, 63.018342428490264, 62.77060261303388, 62.48744398240789, 62.19030194226713, 62.06787063924974, 61.759685613603416, 62.0170432477742, 61.76448220822034, 61.69480356714926, 61.46804851230198, 61.286433235885745, 61.262854501719495, 60.993992442051926, 61.3307065574339, 61.12489633108034, 61.1176354848701, 60.848346159082645, 60.7571329444386, 60.72800373623079, 60.45889727034525, 60.845256275116995, 60.68176408607351, 60.70254524773624, 60.42001388714104, 60.38450684221115, 60.32968474242567, 60.092102952590366, 60.48195351832599, 60.30269731513994, 60.37595356495471, 60.1020968344541, 60.10995382947184, 60.04152039211875, 59.850650658870244, 60.23039116654255, 60.05863187735282, 60.12693289801108, 59.88228168191694, 59.89241256160418, 59.84246250639292, 59.671288922231014, 60.03150677675699, 59.84972279174119, 59.94409392033263, 59.69454567614947, 59.736005158039546, 59.70565240918853, 59.52758290320494, 59.860339598726114, 59.681069315250525, 59.79292956105953, 59.56265487427995, 59.59330088056436, 59.55319361234023, 59.391777952031866, 59.710132143363936, 59.514902191886186, 59.66672413889946, 59.45722031254415, 59.4418777844034, 59.404626385570374, 59.262186285873085, 59.593678922927225, 59.35654982648209, 59.54214287385899, 59.33272485630696, 59.323257293004666, 59.2956284960555, 59.186356282908, 59.46010409561342, 59.2437337984726, 59.43553643044404, 59.228548779529916, 59.239308570388424, 59.20985112188558, 59.075663724510115, 59.366582783579624, 59.13373546504759, 59.336132685534984, 59.159579011447185, 59.18311131430983, 59.11592797418033, 59.011996963112864, 59.29267370405793, 59.06331669814119, 59.2601346066303, 59.07396461640787, 59.09741828484539, 59.05059069776675, 58.95072908620237, 59.19242068088503, 58.98695266309007, 59.192168928814965], "time_total": [0, 3.157637700205669, 6.214597000041977, 9.272983600152656, 12.34765540016815, 15.441357100149617, 18.520756300073117, 21.60463390010409, 24.689670199993998, 27.790896400110796, 30.873924300074577, 34.03815140016377, 37.106561599997804, 40.21304060006514, 43.29677370004356, 46.38242490007542, 49.46610060008243, 52.5385645001661, 55.64535100013018, 58.73690520017408, 61.81995370006189, 64.91072510019876, 68.09862250019796, 71.19423610018566, 74.2820826000534, 77.40631790016778, 80.49446710012853, 83.57182650011964, 86.7065689000301, 89.8255455000326, 92.91167970001698, 95.99578610016033, 99.0886477001477, 102.23691980005242, 105.39638940012082, 108.47919980017468, 111.58651800011285, 114.66842270013876, 117.79593620006926, 120.90867430018261, 124.00435300008394, 127.11192789999768, 130.22623420017771, 133.32363050011918, 136.5011685001664, 139.66649159998633, 142.78637390001677, 145.8789006001316, 148.97463950002566, 152.08992870012298, 155.20714110019617, 158.3432773000095, 161.4477184000425, 164.56673220009543, 167.6961221001111, 170.79430419998243, 174.0258869000245, 177.12252520001493, 180.24777050013654, 183.35310810012743, 186.5052501000464, 189.62232900015078, 192.73314410005696, 195.89795100013725, 198.99579710001126, 202.11773130018264, 205.2362645000685, 208.47319769999012, 211.60629740008153, 214.72338550002314, 217.87589690019377, 221.0062325000763, 224.1040243001189, 227.2279752001632, 230.34213830018416, 233.45771450013854, 236.5840194001794, 239.69478620006703, 242.97296670009382, 246.38563300017267, 249.85355100012384, 253.3958680999931, 256.79163960018195, 260.3327422000002, 263.54914030013606, 266.69390600011684, 269.8168453001417, 272.99621680006385, 276.14673810009845, 279.28396630007774, 282.4627215000801, 285.6600469001569, 288.8200792002026, 291.9786239999812, 295.13575880019926, 298.29220670019276, 301.42805580003187, 304.5659828002099, 307.7122704000212, 310.86049960018136, 313.99887240002863]}