{"name": "H200_S25_I43811_0", "h_size": 200, "t_steps": 25, "input_text_size": 43811, "input_text": "Pan Tadeusz ks. I", "iterations": [0, 1000, 2000, 3000, 4000, 5000, 6000, 7000, 8000, 9000, 10000, 11000, 12000, 13000, 14000, 15000, 16000, 17000, 18000, 19000, 20000, 21000, 22000, 23000, 24000, 25000, 26000, 27000, 28000, 29000, 30000, 31000, 32000, 33000, 34000, 35000, 36000, 37000, 38000, 39000, 40000, 41000, 42000, 43000, 44000, 45000, 46000, 47000, 48000, 49000, 50000, 51000, 52000, 53000, 54000, 55000, 56000, 57000, 58000, 59000, 60000, 61000, 62000, 63000, 64000, 65000, 66000, 67000, 68000, 69000, 70000, 71000, 72000, 73000, 74000, 75000, 76000, 77000, 78000, 79000, 80000, 81000, 82000, 83000, 84000, 85000, 86000, 87000, 88000, 89000, 90000, 91000, 92000, 93000, 94000, 95000, 96000, 97000, 98000, 99000, 100000, 101000, 102000, 103000, 104000, 105000, 106000, 107000, 108000, 109000, 110000, 111000, 112000, 113000, 114000, 115000, 116000, 117000, 118000, 119000, 120000, 121000, 122000, 123000, 124000, 125000, 126000, 127000, 128000, 129000, 130000, 131000, 132000, 133000, 134000, 135000, 136000, 137000, 138000, 139000, 140000, 141000, 142000, 143000, 144000, 145000, 146000, 147000, 148000, 149000, 150000, 151000, 152000, 153000, 154000, 155000, 156000, 157000, 158000, 159000, 160000, 161000, 162000, 163000, 164000, 165000, 166000, 167000, 168000, 169000, 170000, 171000, 172000, 173000, 174000, 175000, 176000, 177000, 178000, 179000, 180000, 181000, 182000, 183000, 184000, 185000, 186000, 187000, 188000, 189000, 190000, 191000, 192000, 193000, 194000, 195000, 196000, 197000, 198000, 199000, 200000], "loss": [106.57659859242519, 117.52768533666348, 99.16029308895533, 88.59299649003432, 82.65035266795323, 78.21178477403373, 74.93487448496187, 73.10054898202057, 71.53337767195971, 70.62913784480438, 69.68710377142789, 69.07645197645968, 68.49073022665542, 67.97544435021183, 67.9047753953261, 67.32355697642195, 67.06004251242223, 66.43401482664024, 66.13151687811177, 65.77150422531666, 65.35852418984858, 65.53710081901008, 65.17345391091894, 65.08788425077631, 64.62519203602116, 64.51050517094563, 64.35342474259234, 63.995933012674655, 64.34130772197024, 64.03480139614398, 64.01770895084255, 63.57931018640398, 63.48623097050406, 63.37046993882978, 63.045743475891776, 63.41314981337313, 63.06715369958008, 63.74577408103433, 63.934600087160376, 63.94824190785039, 63.69653584274798, 63.322249534712995, 63.56856396932783, 63.06823608821967, 63.0846239884299, 62.56630615826839, 62.436937343813646, 62.2519820486416, 61.90481435166821, 62.22946111897729, 61.7674409761875, 61.88002800921676, 61.39495854485386, 61.340778221972194, 61.2250632964951, 60.881543772004065, 61.22605944947492, 62.073981717032304, 62.427626000463846, 61.917855260280774, 61.78127745797977, 61.531961346432915, 61.154480843816316, 61.41103909561982, 60.92512647115985, 61.06596084127074, 60.59406371497316, 60.482447220145175, 60.33602202427397, 60.076037246032215, 60.33746079873821, 59.9149747840271, 60.120138268334436, 59.660647672020595, 59.62884773201087, 59.48420984509432, 59.28517929778992, 59.53119098569852, 59.124651085074014, 59.35149188106459, 58.91397028058181, 59.02757540470531, 58.94852912682072, 58.673704006708924, 58.891743296464604, 58.48328435058442, 58.7504047575997, 58.31892212912265, 58.43543907665279, 58.272251817565916, 58.5836785885715, 58.9470896669167, 58.55089787076773, 58.73914207370784, 58.27064792300242, 58.33452573647367, 58.082958968819575, 57.82646530108431, 57.98795086910609, 57.902623962323716, 58.14813952063988, 57.698518808654555, 57.8278440642202, 57.632547094019216, 57.577985530800454, 57.716172665026285, 57.41878276471086, 57.68424752216718, 57.23580419433621, 57.392698987189114, 57.22843044050338, 57.083911747857925, 57.18608100429974, 56.905516212453065, 57.17121656131485, 56.83166954125027, 56.95821037382338, 56.82785984592126, 56.67392194420361, 56.767327895527096, 56.5109699199715, 56.809055109629654, 56.43637866424828, 56.56251389610968, 56.37799641880856, 56.28093682504071, 56.33126017674017, 56.106416638678645, 56.42109099810444, 56.04152837951005, 56.16497591616481, 56.02238740552211, 55.93522735283287, 55.961615872704016, 55.755324722403294, 56.10437450858989, 55.75603350842155, 55.81746500039756, 55.68023627365405, 55.56884793203186, 55.55725954721572, 55.40087237897919, 55.763385270397244, 55.43673531858913, 55.5322036399806, 55.3865611214012, 55.24755384155946, 55.19102498816059, 55.10458506806428, 55.4605699896141, 55.072564859219725, 55.21232655198178, 55.090832391402316, 54.983639128654865, 54.87169216762695, 54.77355791870912, 55.19068408112284, 54.84709982533861, 54.99062470853872, 54.848297793095284, 54.73724269634278, 54.636283426163025, 54.53296912898676, 54.92389162359228, 54.65287106736733, 54.760217046633535, 54.63026381831352, 54.50591758064324, 54.354100680241785, 54.38097450818329, 54.73538596632488, 54.40941922071289, 54.497381223410336, 54.32556245251171, 54.209814480259, 54.00534748433432, 53.957080439550346, 54.40442593723575, 54.13179917696168, 54.20628159397673, 54.01673310422749, 53.98046573443545, 53.78513498493547, 53.72224841546126, 54.20848610427553, 53.962130573896836, 54.07265088710362, 53.80423394268166, 53.80717975987702, 53.55539858617642, 53.48148738520042, 53.93015613644673, 53.71103936161781, 53.83483437643165, 53.6088670722579, 53.54066160688097, 53.35545023249533, 53.29594929343739, 53.6898297208289, 53.529065978066065, 53.659693738281376],