{"name": "H20_S25_I43811_0", "h_size": 20, "t_steps": 25, "input_text_size": 43811, "input_text": "Pan Tadeusz ks. I", "iterations": [0, 1000, 2000, 3000, 4000, 5000, 6000, 7000, 8000, 9000, 10000, 11000, 12000, 13000, 14000, 15000, 16000, 17000, 18000, 19000, 20000, 21000, 22000, 23000, 24000, 25000, 26000, 27000, 28000, 29000, 30000, 31000, 32000, 33000, 34000, 35000, 36000, 37000, 38000, 39000, 40000, 41000, 42000, 43000, 44000, 45000, 46000, 47000, 48000, 49000, 50000, 51000, 52000, 53000, 54000, 55000, 56000, 57000, 58000, 59000, 60000, 61000, 62000, 63000, 64000, 65000, 66000, 67000, 68000, 69000, 70000, 71000, 72000, 73000, 74000, 75000, 76000, 77000, 78000, 79000, 80000, 81000, 82000, 83000, 84000, 85000, 86000, 87000, 88000, 89000, 90000, 91000, 92000, 93000, 94000, 95000, 96000, 97000, 98000, 99000, 100000], "loss": [106.56694209992065, 84.23129411406128, 72.59315351005976, 67.06201902508639, 64.39276813368947, 63.08761869398431, 62.08270994874317, 61.994414635243274, 61.50365099085336, 61.20386490749542, 60.805340762655554, 60.51181880507836, 60.36190740698689, 59.94256390162262, 60.246370273451646, 60.02209232523298, 59.908751232719965, 59.55941979784666, 59.322483956546634, 59.343221036019514, 58.986789689139, 59.36281715467658, 59.20818603437417, 59.17624405800419, 58.79086103118231, 58.64870649957598, 58.6949489110996, 58.32252007736482, 58.754502539637336, 58.60176056067365, 58.633430603927344, 58.232002484479935, 58.11840379202846, 58.17822215634728, 57.8077198148694, 58.267801986148164, 58.061110908544556, 58.16413259758452, 57.77468349054533, 57.69514238403988, 57.7434362433292, 57.41471103208485, 57.885077624428696, 57.670746127597134, 57.78070337245907, 57.43749853448382, 57.363073353179644, 57.443057627370194, 57.1230276947564, 57.580976646483194, 57.3510635197632, 57.49173711829254, 57.139909065730436, 57.116082089467064, 57.20866828052259, 56.877317310367495, 57.321849419661156, 57.097966143652854, 57.26091682789806, 56.92508312754447, 56.87847390388731, 56.960144478931404, 56.658854555609686, 57.074035325307996, 56.83624505236129, 57.06209773335609, 56.72608913656461, 56.64131299745417, 56.7450013445411, 56.45267084141953, 56.86584746327041, 56.60799186810994, 56.87286585616858, 56.514459467181126, 56.468104735591794, 56.54066001177407, 56.29832678190407, 56.65730013707267, 56.407109351937486, 56.691122328247985, 56.32455532382564, 56.32055142770065, 56.36976499939095, 56.112111714005906, 56.482908487898676, 56.20504338535695, 56.525084513481666, 56.18378326722287, 56.19009411926726, 56.207202746949044, 55.97166711917725, 56.33434930846554, 56.06420857516531, 56.3677486771855, 56.03410714758332, 56.05449068058678, 56.076036680986896, 55.85713876763954, 56.170288280314395, 55.94292171397079, 56.23062509741175], "time_total": [0, 3.270916099892929, 6.53023079992272, 9.763210600009188, 13.002278599888086, 16.25513119995594, 19.576950500020757, 22.828007800038904, 26.06323769991286, 29.29054980003275, 32.555954799987376, 35.84740890003741, 39.077275099931285, 42.30595099995844, 45.54741910006851, 48.776749700075015, 52.09306999994442, 55.396699300035834, 58.636030999943614, 61.899512900039554, 65.1526140999049, 68.40889479988255, 71.63750660000369, 74.88261880003847, 78.12748309993185, 81.37973039993085, 84.63409409997985, 87.96625300007872, 91.27050459990278, 94.5117943000514, 97.77298410004005, 101.02837740001269, 104.31329159997404, 107.56681640003808, 110.82410519989207, 114.06953500001691, 117.33181079989299, 120.60861969995312, 124.0064612000715, 127.26026170002297, 130.50903300009668, 133.75787519989535, 137.0158470000606, 140.2922948000487, 143.569525500061, 146.83590500010177, 150.0991104999557, 153.38746350002475, 156.70451089995913, 159.99749329988845, 163.25309340003878, 166.51144689996727, 169.80308540002443, 173.05600919993594, 176.3246025000699, 179.59627089998685, 182.93483439995907, 186.2183191999793, 189.48692589998245, 192.8612182000652, 196.13430060003884, 199.41245669987984, 202.7051854999736, 205.9850522999186, 209.25871369987726, 212.5523530000355, 215.83176680002362, 219.11698170006275, 222.44720080005936, 225.71818639989942, 229.11453910009004, 232.38867660006508, 235.65672180010006, 238.9296726998873, 242.25784370000474, 245.75913139991462, 249.42076699994504, 252.9335018999409, 256.6581409999635, 260.0521744999569, 263.3355135000311, 266.62968049990013, 269.9264016998932, 273.2265445999801, 276.5339327000547, 279.81652819993906, 283.118002000032, 286.40626950003207, 289.7239033000078, 293.01469579990953, 296.29833099991083, 299.59835879993625, 303.04556729993783, 306.84777330001816, 310.5674097998999, 314.30177229992114, 318.0767000000924, 321.8363836000208, 325.49881309992634, 329.2051571998745, 332.93671749997884]}