{"name": "H20_S25_I707_0", "h_size": 20, "t_steps": 25, "input_text_size": 707, "input_text": "Pan Tadeusz ks. I", "iterations": [0, 1000, 2000, 3000, 4000, 5000, 6000, 7000, 8000, 9000, 10000, 11000, 12000, 13000, 14000, 15000, 16000, 17000, 18000, 19000, 20000, 21000, 22000, 23000, 24000, 25000, 26000, 27000, 28000, 29000, 30000, 31000, 32000, 33000, 34000, 35000, 36000, 37000, 38000, 39000, 40000, 41000, 42000, 43000, 44000, 45000, 46000, 47000, 48000, 49000, 50000, 51000, 52000, 53000, 54000, 55000, 56000, 57000, 58000, 59000, 60000, 61000, 62000, 63000, 64000, 65000, 66000, 67000, 68000, 69000, 70000, 71000, 72000, 73000, 74000, 75000, 76000, 77000, 78000, 79000, 80000, 81000, 82000, 83000, 84000, 85000, 86000, 87000, 88000, 89000, 90000, 91000, 92000, 93000, 94000, 95000, 96000, 97000, 98000, 99000, 100000], "loss": [88.15913354224067, 53.820670363701375, 31.462098275834965, 20.022900672263873, 13.998133496560715, 10.545780843201806, 8.405593928382102, 7.051075490382529, 5.967097144869657, 5.1729347597691255, 4.68194623731382, 4.2400614237459555, 3.7453721308396615, 3.5038684779006783, 3.2474898434903845, 3.183156195061812, 2.9953346288237457, 2.898549636337793, 2.760269146842733, 2.54943321833738, 2.3964337291564863, 2.027979559298446, 2.0503924813098875, 1.7945646967742304, 1.8150083182781935, 1.6584758329247091, 1.6489294435898942, 1.548075900896949, 1.421270935474217, 1.3655517262759636, 1.4890386318040842, 1.3978279195866472, 1.1469931701783735, 1.2820847466994791, 1.2778256286536447, 1.031355276657571, 1.468531369108179, 1.397137615477164, 2.6022532222765293, 1.605988630671342, 1.0574667577313235, 1.2475992766345347, 1.1392349294722288, 1.3762860818469873, 0.8852972859364934, 1.0211830754427695, 1.218149183680217, 0.8068295992486353, 0.69023263629418, 0.5911666427506651, 2.085333017882118, 1.0674574088311748, 1.1523675485910954, 0.7679529934099018, 0.5759421780871932, 1.31174997439627, 0.7569624608222562, 0.5648979924813857, 1.4639356360816804, 1.2499710155030777, 0.7173631822811958, 0.7167000043523085, 0.6750999879463786, 0.5322442869519917, 0.5494623557781152, 0.44168426161879243, 2.19265982602109, 1.09939638835085, 0.7647139122395082, 0.4997349323360234, 0.8582472725985119, 0.8870905715679089, 0.5429819998948175, 0.42037532835796854, 0.43737591185839697, 0.5696880419769556, 1.2926420466077895, 0.7068694374109149, 0.48995296279918665, 0.39241040377524666, 0.9761547601893283, 0.587942275156688, 0.40098191582102843, 2.211663040336605, 1.0995962994470903, 0.7978214643560293, 0.661735768706866, 0.6082691948311857, 0.6459012918222908, 0.9247474605946617, 1.3388479990924074, 0.7132074632887231, 0.4671529194602725, 1.4073144536329603, 0.7231733653757713, 0.7589306076391404, 1.114610562514416, 1.2800834270206063, 0.6746971685532801, 0.4357106757651446, 0.9370288473271342], "time_total": [0, 3.0727129001170397, 6.153894399991259, 9.245848099933937, 12.335351600078866, 15.42298820009455, 18.514202800113708, 21.65516550000757, 24.788816000102088, 27.908278899965808, 31.019228500081226, 34.122833899920806, 37.229947600048035, 40.31659119995311, 43.41629429999739, 46.53022240009159, 49.62198959989473, 52.725516400067136, 55.8327764000278, 59.065008899895474, 62.181639099959284, 65.3100781000685, 68.40906589990482, 71.52590349991806, 74.62781829992309, 77.7289762001019, 80.84869999997318, 83.9673965999391, 87.09759130002931, 90.21916570002213, 93.4474567999132, 96.56030349992216, 99.6693682000041, 102.77821539994329, 105.89534180006012, 109.01218189997599, 112.14313309988938, 115.26411049999297, 118.41280669998378, 121.52877560001798, 124.64299520011991, 127.87029050011188, 130.9976488999091, 134.1161253999453, 137.26481329998933, 140.38284320011735, 143.51558190002106, 146.68533800006844, 149.81276659993455, 152.95482859993353, 156.08289370010607, 159.21516139991581, 162.42368100001477, 165.6229880999308, 168.75230429996736, 171.87663509999402, 175.00643690000288, 178.17373470007442, 181.31427330011502, 184.44621709990315, 187.5963965000119, 190.76415239996277, 193.92098889988847, 197.126784699969, 200.31908049993217, 203.45640809996985, 206.62439300003462, 209.75031600007787, 212.890345599968, 216.0415036000777, 219.19961840007454, 222.37886660010554, 225.51988069992512, 228.65290690003894, 231.87684189993888, 235.06197230005637, 238.23823089990765, 241.53199369995855, 244.96732300007716, 248.46149879996665, 251.86009470000863, 255.63161500007845, 260.48300520004705, 264.8347062000539, 269.16277080005966, 272.52926680003293, 275.6768205000553, 278.8383090000134, 282.0272979999427, 285.18887239997275, 288.33549270010553, 291.5142995000351, 294.6774259998929, 297.8636495999526, 301.0513037000783, 304.22450940008275, 307.42427950003184, 310.60629709996283, 313.78486349992454, 316.9648009000812, 320.1536956001073]}