{"name": "H30_S25_I43811_0", "h_size": 30, "t_steps": 25, "input_text_size": 43811, "input_text": "Pan Tadeusz ks. I", "iterations": [0, 1000, 2000, 3000, 4000, 5000, 6000, 7000, 8000, 9000, 10000, 11000, 12000, 13000, 14000, 15000, 16000, 17000, 18000, 19000, 20000, 21000, 22000, 23000, 24000, 25000, 26000, 27000, 28000, 29000, 30000, 31000, 32000, 33000, 34000, 35000, 36000, 37000, 38000, 39000, 40000, 41000, 42000, 43000, 44000, 45000, 46000, 47000, 48000, 49000, 50000, 51000, 52000, 53000, 54000, 55000, 56000, 57000, 58000, 59000, 60000, 61000, 62000, 63000, 64000, 65000, 66000, 67000, 68000, 69000, 70000, 71000, 72000, 73000, 74000, 75000, 76000, 77000, 78000, 79000, 80000, 81000, 82000, 83000, 84000, 85000, 86000, 87000, 88000, 89000, 90000, 91000, 92000, 93000, 94000, 95000, 96000, 97000, 98000, 99000, 100000], "loss": [106.56688492221016, 80.43083084433061, 67.63782334641729, 61.615103067443584, 58.738411291072204, 57.31660912078335, 56.23071272500376, 56.20363929367522, 55.68081663709087, 55.45216554858333, 54.90930482346551, 54.50572675873874, 54.26351180210064, 53.87929973726834, 54.209328035986154, 53.949833265875, 53.94358623162723, 53.42609567918098, 53.214304901812085, 53.03818356199348, 52.753844548831005, 53.13750747356917, 52.91730271152864, 53.0243347144062, 52.46316531356927, 52.36908347267054, 52.18235618261989, 51.9188019331156, 52.36888941553689, 52.15183960861334, 52.35117629180331, 51.763086459885464, 51.749814272174405, 51.57532677352159, 51.28753479692973, 51.7953207431665, 51.49783495584538, 51.80515626395181, 51.24491036939707, 51.27896265351447, 51.09449279765257, 50.84117212846845, 51.3263165366541, 51.05437054063065, 51.35282436602658, 50.8379015952992, 50.89927266107555, 50.73292339445804, 50.496800156659646, 50.95054307357172, 50.662514852010865, 50.984020201785505, 50.48062673361058, 50.61097526685378, 50.4323816654794, 50.219566545480355, 50.63975528227911, 50.35683862371825, 50.68957978304307, 50.19772206475823, 50.331897062305636, 50.114907818915235, 49.92854757961499, 50.348481359424625, 50.08841155903246, 50.45084973779404, 49.933240960265444, 50.016883931240244, 49.84836703895781, 49.681951629045166, 50.09400692689367, 49.80580402873228, 50.18852200053458, 49.69455862515205, 49.80649787974009, 49.60886306551428, 49.490509562659966, 49.84362766905958, 49.563812361156906, 49.928278817878535, 49.49230258837207, 49.63983097256303, 49.405503648908656, 49.30667869745184, 49.62282302516353, 49.36923987450796, 49.736289720772795, 49.313307780875434, 49.455748452762094, 49.216525759890416, 49.1513288985439, 49.43046932883436, 49.22685570798197, 49.55823160079264, 49.1598154265274, 49.302562789149704, 49.07605538760083, 48.982737507523005, 49.23081821010164, 49.075512327446226, 49.40977440683082], "time_total": [0, 3.3619298001285642, 6.763189800083637, 10.141570100095123, 13.559521300019696, 16.972551600076258, 20.453989800065756, 23.859998000087216, 27.272403300041333, 30.6649207000155, 34.06178080011159, 37.476555900182575, 40.867148500168696, 44.28321040002629, 47.68886930006556, 51.135632400168106, 54.62130430014804, 58.06811620015651, 61.46406130003743, 64.87153950007632, 68.28088880004361, 71.69683880009688, 75.11056399997324, 78.52132830000482, 81.9174534000922, 85.35486389999278, 88.84768490004353, 92.2890924999956, 95.71571290004067, 99.11940580001101, 102.55991180008277, 105.98233320005238, 109.38958970014937, 112.81012430018745, 116.213154300116, 119.63481159997173, 123.07428110018373, 126.53673569997773, 129.97517830017023, 133.4060829000082, 136.8445117000956, 140.27130930009298, 143.68957330007106, 147.11993070016615, 150.5612421000842, 153.98990160017274, 157.41796920006163, 160.96143240015954, 164.42326990002766, 167.85333320009522, 171.29484880017117, 174.72311650007032, 178.1397415001411, 181.56941140000708, 185.00070460001007, 188.43447490013205, 191.86799830012023, 195.43349970015697, 198.86202830006368, 202.27804720005952, 205.72072129999287, 209.18742490001023, 212.63889870001003, 216.074005600065, 219.50047490000725, 222.97888700012118, 226.4076241001021, 229.96568250004202, 233.40108079998754, 236.83675250015222, 240.35798860015348, 244.0700070001185, 247.84047539997846, 251.45857260003686, 255.3626476000063, 258.9657523999922, 262.4164069001563, 265.941936600022, 269.45730850007385, 272.92602850007825, 276.36913040000945, 279.80044350004755, 283.25407380005345, 286.7264269001316, 290.16993229999207, 293.6132055001799, 297.0888907001354, 300.5651937001385, 304.01925540016964, 307.48007529997267, 310.9112911000848, 314.37130610016175, 317.85085320007056, 321.2791580001358, 324.76087930006906, 328.2141162001062, 331.67287050001323, 335.3019292000681, 339.12101840018295, 342.8352433000691, 346.30941330012865]}