{"name": "H30_S25_I707_0", "h_size": 30, "t_steps": 25, "input_text_size": 707, "input_text": "Pan Tadeusz ks. I", "iterations": [0, 1000, 2000, 3000, 4000, 5000, 6000, 7000, 8000, 9000, 10000, 11000, 12000, 13000, 14000, 15000, 16000, 17000, 18000, 19000, 20000, 21000, 22000, 23000, 24000, 25000, 26000, 27000, 28000, 29000, 30000, 31000, 32000, 33000, 34000, 35000, 36000, 37000, 38000, 39000, 40000, 41000, 42000, 43000, 44000, 45000, 46000, 47000, 48000, 49000, 50000, 51000, 52000, 53000, 54000, 55000, 56000, 57000, 58000, 59000, 60000, 61000, 62000, 63000, 64000, 65000, 66000, 67000, 68000, 69000, 70000, 71000, 72000, 73000, 74000, 75000, 76000, 77000, 78000, 79000, 80000, 81000, 82000, 83000, 84000, 85000, 86000, 87000, 88000, 89000, 90000, 91000, 92000, 93000, 94000, 95000, 96000, 97000, 98000, 99000, 100000], "loss": [88.15897311635187, 50.782645813882425, 25.25801458549791, 12.873565057059574, 7.1120900529460815, 4.391664497421786, 2.8543600149534134, 2.094503373712372, 1.6200890744905807, 1.665366415680207, 1.1746474229752364, 0.9223689229665382, 1.0001905031061886, 0.6928664294143965, 0.9108966096688279, 0.609911233390313, 0.6420086326678072, 0.47170757132157615, 0.9166998756443382, 0.5458917350888242, 0.3891966903391413, 0.3147212802842879, 0.6973883129422612, 0.42595320208931525, 0.31056219190065515, 0.5623769293224494, 0.4904410400036542, 0.31702534208971184, 0.32433966318835705, 0.2688441088140622, 0.8871605271312403, 0.4768244499884157, 0.29053884986827305, 0.2130086231980317, 0.81391511390928, 0.41932390137227954, 0.2565546950644434, 0.19007535981945972, 0.16127864862887714, 0.14687071490383793, 0.8299780216558235, 0.4104365276752751, 0.24182389266125903, 0.17372680961288006, 0.14417847270176865, 0.13157980660304486, 0.1227233429202117, 0.11767844217425642, 0.750046671111762, 0.36278775399959357, 0.20930868624841423, 0.14820030768031517, 0.12249686148866909, 0.35923420169290116, 0.2032551514845128, 0.13960320893321643, 0.11337859663713487, 0.10175457564134954, 0.09562464844588296, 0.11346352848621727, 0.27640141593853124, 0.16127879949591908, 0.11510153631516747, 0.09588473034844128, 0.08725726919989421, 0.32687053906855623, 0.18000164044246522, 0.11810659372945416, 0.09279026734544812, 0.08158982719164344, 0.07595004711112685, 0.07273940029691887, 0.07046584509166764, 0.8471920580633371, 0.3739452291469774, 0.1879074911398076, 0.11614424993532416, 0.08768084320306611, 0.07574404120238129, 0.07003207917269826, 0.0668376547377943, 0.06458112809516803, 0.0629324521199842, 0.061438885586629695, 0.060084101957496604, 0.05892996804628502, 0.0578008158516971, 0.05691927505402973, 1.1485158108907043, 0.5092873129403194, 0.2384727710492788, 0.13311192410019645, 0.09131181394729276, 0.07373013914589774, 0.06566772422062683, 0.06130529722720636, 0.05867480259742881, 0.056671574853302736, 0.05505085007192857, 0.053739422147481127, 0.05251841145382574], "time_total": [0, 3.3294322001747787, 6.523029700154439, 9.717172200093046, 12.954221400199458, 16.2356076000724, 19.423866300145164, 22.627380800200626, 25.850622900063172, 29.082043800037354, 32.29054780001752, 35.492084100143984, 38.72702150000259, 41.96940900012851, 45.18826680001803, 48.50032540014945, 51.71205580001697, 54.91226110002026, 58.14636060013436, 61.38939470006153, 64.59936730004847, 67.81822680006735, 71.01663030008785, 74.23741420009173, 77.4625983000733, 80.66525309998542, 83.98397400020622, 87.23206660011783, 90.46084170020185, 93.67754620010965, 96.88617880013771, 100.12161710020155, 103.34494230011478, 106.56186500005424, 109.93304690020159, 113.23807750013657, 116.48320710007101, 119.80241360003129, 123.05682480009273, 126.27774280006997, 129.50802330020815, 132.74040000000969, 135.96928650001064, 139.21409490006045, 142.47410420002416, 145.70696020009927, 148.98103090003133, 152.27565890015103, 155.59272020007484, 158.8379196000751, 162.1054390000645, 165.3419912001118, 168.57893890002742, 171.81193800014444, 175.05307860020548, 178.3081330000423, 181.55086780013517, 184.79616710008122, 188.0932339001447, 191.38656000001356, 194.6334267000202, 197.8771638001781, 201.131628600182, 204.37054310017265, 207.6548511001747, 210.9140778000001, 214.1599211001303, 217.46446080016904, 220.7099702002015, 224.0018624002114, 227.32357200002298, 230.6298095001839, 233.88659700006247, 237.1753324000165, 240.4598090001382, 243.78918230021372, 247.22260600002483, 250.83682950004004, 254.3825711000245, 258.13845890015364, 262.8280971001368, 267.5866596000269, 272.081512800185, 275.98413120000623, 279.43065059999935, 282.710652400041, 285.98119359998964, 289.2472982001491, 292.50255460012704, 295.8268821001984, 299.08946950011887, 302.4122009000275, 305.7022184000816, 308.9630313999951, 312.23488440015353, 315.51014480018057, 318.7695383001119, 322.0530596000608, 325.32385720009916, 328.5966915001627, 331.85566730005667]}