{"name": "H40_S25_I43811_0", "h_size": 40, "t_steps": 25, "input_text_size": 43811, "input_text": "Pan Tadeusz ks. I", "iterations": [0, 1000, 2000, 3000, 4000, 5000, 6000, 7000, 8000, 9000, 10000, 11000, 12000, 13000, 14000, 15000, 16000, 17000, 18000, 19000, 20000, 21000, 22000, 23000, 24000, 25000, 26000, 27000, 28000, 29000, 30000, 31000, 32000, 33000, 34000, 35000, 36000, 37000, 38000, 39000, 40000, 41000, 42000, 43000, 44000, 45000, 46000, 47000, 48000, 49000, 50000, 51000, 52000, 53000, 54000, 55000, 56000, 57000, 58000, 59000, 60000, 61000, 62000, 63000, 64000, 65000, 66000, 67000, 68000, 69000, 70000, 71000, 72000, 73000, 74000, 75000, 76000, 77000, 78000, 79000, 80000, 81000, 82000, 83000, 84000, 85000, 86000, 87000, 88000, 89000, 90000, 91000, 92000, 93000, 94000, 95000, 96000, 97000, 98000, 99000, 100000], "loss": [106.5666281541279, 81.83566754458855, 68.86501277955355, 62.59206362199445, 59.648801410412105, 58.128769550067986, 56.9862544316167, 56.916825222440046, 56.315577494084145, 56.100934272032625, 55.43605068591003, 55.09035397993707, 54.75738910584562, 54.36022262531973, 54.674958859527955, 54.38165757097029, 54.369616036860094, 53.79376118923314, 53.64018150728881, 53.3967034191361, 53.111051850077594, 53.49291253480373, 53.29700030796994, 53.356416196510416, 52.78744868966127, 52.73433443853619, 52.49667354817351, 52.252113067715854, 52.673189358421425, 52.49142157428912, 52.613892493555106, 52.0500362558776, 52.052145788131035, 51.847263325968456, 51.60524604755024, 52.049964818337905, 51.82257212706556, 52.02266771435078, 51.48832239227321, 51.53311626741384, 51.32229748298977, 51.11915210140423, 51.53486656420948, 51.317881797992136, 51.52543417640822, 51.02814503395057, 51.06950793276235, 50.88736344672534, 50.70534249446916, 51.09481526305164, 50.85176381708767, 51.067107161741106, 50.589926705564196, 50.69896850261408, 50.50685286860324, 50.33966304529867, 50.71249242069753, 50.46414989052458, 50.69307671514558, 50.22999780458597, 50.31513707008526, 50.11513377862373, 49.95265184141012, 50.31894130613783, 50.09077945956124, 50.37967931486927, 49.8940777974433, 49.93279701358085, 49.7699770203976, 49.62192100148513, 49.965019434975915, 49.70641955326531, 50.03947213117278, 49.54025933410725, 49.634033636727416, 49.4206679217948, 49.32631600776809, 49.59434903062199, 49.36624541682315, 49.70393048105761, 49.2430631566569, 49.364716346760666, 49.1236804871496, 49.06305564598282, 49.287634407760905, 49.08800799932769, 49.4293499417576, 48.98189810029053, 49.10028200842243, 48.870912799153466, 48.82031655042398, 49.00476720366718, 48.85537737202852, 49.17530286172532, 48.73217702167197, 48.875433448766785, 48.67382669117295, 48.586299803256395, 48.716881593982556, 48.61756418434482, 48.94887125805417], "time_total": [0, 3.5222227999474853, 7.064827299909666, 10.611121699912474, 14.165893599856645, 17.787028099875897, 21.39014709996991, 24.939108999911696, 28.484001099830493, 32.01926909992471, 35.576343999942765, 39.12014799984172, 42.66528039984405, 46.24881329992786, 49.79582489980385, 53.445940899895504, 57.00404959986918, 60.5544250998646, 64.1104263998568, 67.67991629987955, 71.23032479989342, 74.78182939998806, 78.35619299998507, 81.93574889982119, 85.50138669996522, 89.18749229982495, 92.7477663999889, 96.31545549980365, 99.88946339976974, 103.43602099991404, 107.0264978997875, 110.60174819990061, 114.18176799989305, 117.73461059993133, 121.34525159979239, 124.98990359995514, 128.5563719999045, 132.1383473998867, 135.74399909982458, 139.31970839994028, 142.8817107998766, 146.47450339980423, 150.05307499994524, 153.6302890998777, 157.26457909983583, 160.9147190998774, 164.50527929980308, 168.13003199989907, 171.7478757998906, 175.3795827999711, 178.95009069982916, 182.52394799981266, 186.12433539982885, 189.69714479986578, 193.35972099984065, 197.00273119984195, 200.59250829997472, 204.15586899989285, 207.75155789987184, 211.3424855999183, 214.92127759987488, 218.51370229991153, 222.10491549992003, 225.71756169991568, 229.4255726998672, 233.05553959985264, 236.64297439996153, 240.23642779979855, 244.0397547998, 248.05453109997325, 251.93088859994896, 256.03744969982654, 260.2819195999764, 263.92990929982625, 267.5449125999585, 271.14092599996366, 274.99473289982416, 278.85035919980146, 282.6173482998274, 286.29416159982793, 289.92705999989994, 293.5297115999274, 297.12752679991536, 300.75941309984773, 304.3741354998201, 307.9972455999814, 311.6676734997891, 315.2930926999543, 318.9068628998939, 322.51169249997474, 326.10818809992634, 329.757896799827, 333.40489799994975, 337.09351829998195, 340.72838709992357, 344.39566709985957, 348.32513759983703, 352.4131714999676, 356.49707569996826, 360.5819483997766, 364.61537109990604]}