{"name": "H40_S25_I707_0", "h_size": 40, "t_steps": 25, "input_text_size": 707, "input_text": "Pan Tadeusz ks. I", "iterations": [0, 1000, 2000, 3000, 4000, 5000, 6000, 7000, 8000, 9000, 10000, 11000, 12000, 13000, 14000, 15000, 16000, 17000, 18000, 19000, 20000, 21000, 22000, 23000, 24000, 25000, 26000, 27000, 28000, 29000, 30000, 31000, 32000, 33000, 34000, 35000, 36000, 37000, 38000, 39000, 40000, 41000, 42000, 43000, 44000, 45000, 46000, 47000, 48000, 49000, 50000, 51000, 52000, 53000, 54000, 55000, 56000, 57000, 58000, 59000, 60000, 61000, 62000, 63000, 64000, 65000, 66000, 67000, 68000, 69000, 70000, 71000, 72000, 73000, 74000, 75000, 76000, 77000, 78000, 79000, 80000, 81000, 82000, 83000, 84000, 85000, 86000, 87000, 88000, 89000, 90000, 91000, 92000, 93000, 94000, 95000, 96000, 97000, 98000, 99000, 100000], "loss": [88.1588547908695, 48.12863028016373, 21.581863650742257, 9.680852215304935, 4.484912036120495, 2.5162827373594405, 1.5323847498188108, 1.05878716502197, 0.680265158357313, 0.7023865193802081, 0.4820014931062315, 0.6827471315299917, 0.4232532636990455, 0.2941961658228884, 0.22933530611686162, 0.5119014382658054, 0.31043942256661006, 0.21644574201361952, 0.16932553216243276, 0.14283989601915176, 0.12571425033119576, 0.11360949520911044, 0.10422098322241773, 0.7143087500324732, 0.3729986807196924, 0.21223257522344177, 0.1430041500670123, 0.11126568787023239, 0.09526379274069478, 0.08577540317184623, 0.39009981502303054, 0.2111561094953163, 0.12998568587232548, 0.09532579172913286, 0.07935722863343293, 0.07094135981721669, 0.06556044044320847, 0.3791781957343162, 0.1881376907941276, 0.11166092899178184, 0.08084020076126786, 0.06699239395958383, 0.05993479223691608, 0.055673138564976236, 0.052649058852242935, 0.05034917363076131, 0.04835363215358158, 0.046647612260633915, 0.04501511344629589, 0.3198663780753253, 0.15871792267361587, 0.09214933958466885, 0.06446638731895613, 0.052269334193605126, 0.046392669596707445, 0.043000466055233784, 0.04077656556180606, 0.03909054037101448, 0.03764399358104953, 0.03641710478966414, 0.035334909225575174, 0.236014765810884, 0.1177010858833822, 0.0701774866155447, 0.05088773496350353, 0.042461553872748053, 0.03824519485568048, 0.03572276512731114, 0.03402235216875273, 0.03267182818518642, 0.031571643295905005, 0.030628153003839226, 0.02976691551573328, 0.029001715813209636, 0.02826726348838435, 0.027612294602296077, 0.02695792730950788, 0.02635250545592932, 0.025797628227472825, 0.2323815825846349, 0.11147888773576882, 0.06296460882476283, 0.04360296430599382, 0.03518537572892552, 0.031062363911068026, 0.02870097544861837, 0.02712112597049441, 0.025986692406293657, 0.025080673701338232, 0.024344029780830844, 0.023664297931341394, 0.02308324802682869, 0.022565153940030384, 0.022079313807887257, 0.021645441757583053, 0.021229884560092654, 0.02085807618200652, 0.020473308273354522, 0.020124343026981763, 0.01980036093202671, 0.4133965036158603], "time_total": [0, 3.3215540000237525, 6.654477000003681, 9.991282399976626, 13.334042599890381, 16.676242999965325, 20.109025900019333, 23.47813729988411, 26.79993520001881, 30.121816399972886, 33.479059600038454, 36.813003699993715, 40.16559979994781, 43.56071339990012, 46.89828439988196, 50.250168199883774, 53.626557499868795, 57.048028900055215, 60.39425279991701, 63.77649899991229, 67.12840819987468, 70.48106539994478, 73.83718220004812, 77.1950689998921, 80.55836919997819, 83.92046339996159, 87.35654029995203, 90.80228529986925, 94.19983029994182, 97.55415820004418, 100.93462969991378, 104.27844649995677, 107.6322297998704, 111.00358709995635, 114.36742029991001, 117.71989639988169, 121.07664610003121, 124.50623789988458, 127.94937009993009, 131.3130342999939, 134.67071049986407, 138.04019159986638, 141.42050100001507, 144.78032470005564, 148.15197280002758, 151.51273309998214, 154.9316177999135, 158.32836370007135, 161.78484910004772, 165.17150329984725, 168.54073580005206, 171.92851269990206, 175.29964930005372, 178.67681009997614, 182.06694849999622, 185.4760123998858, 188.8455206998624, 192.2261580999475, 195.71417990000919, 199.11802479997277, 202.50875879987143, 205.88599079987034, 209.2756173000671, 212.69510719995014, 216.0885621998459, 219.48435489996336, 222.86550919990987, 226.2744112999644, 229.71368689998053, 233.17005610000342, 236.56718260003254, 239.95646089990623, 243.47565419995226, 247.23857209994458, 250.99102029995993, 254.73755009984598, 259.39082899992354, 264.25872639985755, 268.9728174000047, 273.03916250006296, 276.6317447000183, 280.03867759997956, 283.4411929999478, 286.8576386999339, 290.25071519985795, 293.65035320003517, 297.04533490003087, 300.4775962000713, 303.894662699895, 307.32148130005226, 310.74754250003025, 314.13861329993233, 317.54072649986483, 320.9283572998829, 324.37105869990773, 327.7795553000178, 331.1928633998614, 334.6048574000597, 338.09757360001095, 341.53900290001184, 344.9513027998619]}