{"name": "H50_S5_I43811_0", "h_size": 50, "t_steps": 5, "input_text_size": 43811, "input_text": "Pan Tadeusz ks. I", "iterations": [0, 1000, 2000, 3000, 4000, 5000, 6000, 7000, 8000, 9000, 10000, 11000, 12000, 13000, 14000, 15000, 16000, 17000, 18000, 19000, 20000, 21000, 22000, 23000, 24000, 25000, 26000, 27000, 28000, 29000, 30000, 31000, 32000, 33000, 34000, 35000, 36000, 37000, 38000, 39000, 40000, 41000, 42000, 43000, 44000, 45000, 46000, 47000, 48000, 49000, 50000, 51000, 52000, 53000, 54000, 55000, 56000, 57000, 58000, 59000, 60000, 61000, 62000, 63000, 64000, 65000, 66000, 67000, 68000, 69000, 70000, 71000, 72000, 73000, 74000, 75000, 76000, 77000, 78000, 79000, 80000, 81000, 82000, 83000, 84000, 85000, 86000, 87000, 88000, 89000, 90000, 91000, 92000, 93000, 94000, 95000, 96000, 97000, 98000, 99000, 100000], "loss": [21.313456641517938, 17.041062493377616, 14.47506083285394, 13.192672556139337, 12.614058439791894, 12.464525315651416, 12.055477332653416, 11.911202936493352, 11.889207478026377, 11.894948607329868, 11.55214357678621, 11.277047175666594, 11.197498291986319, 11.255391332840045, 11.366101043049987, 11.196543861756737, 11.127081439394162, 11.324093091240107, 11.23883602865997, 10.928987527211383, 10.742428071133002, 10.660936483810854, 10.949344817179457, 10.86494122621439, 10.815624695538103, 10.623866145958193, 11.020469392106843, 10.872282855578282, 10.5725917228645, 10.50987198798034, 10.306669121123443, 10.72870243267964, 10.515767342393803, 10.521247803292002, 10.381211569625139, 10.716977829299687, 10.691107472192584, 10.367760492351211, 10.211691519366376, 10.19940356216754, 10.604980326670194, 10.308343903961537, 10.227296692744606, 10.289598054508902, 10.602703571537793, 10.435296850966692, 10.196309012820327, 10.023325601975488, 10.140707791434535, 10.38511567031731, 10.17455556274933, 10.116852949850758, 10.346917445439402, 10.411254731952479, 10.192691288233117, 9.985088334518263, 9.8847538577854, 10.159714563254452, 10.14410889036958, 10.067651632809712, 9.853995156236808, 10.334487360531247, 10.27386164248481, 9.995809913901894, 9.925413405069683, 9.71121485039076, 10.140092251007099, 9.962191821504186, 9.994513038377765, 9.793902247516371, 10.212239966638773, 10.22034878675584, 9.913907845108934, 9.745076150549012, 9.72604622462586, 10.143527521304668, 9.848484216928616, 9.808086950524382, 9.77848328855039, 10.111320185575305, 10.040324294974882, 9.761012396967667, 9.619365993564074, 9.757661897935465, 10.00612767224657, 9.735814845256686, 9.698375802269469, 9.905561563640639, 10.055967211683985, 9.841831468441873, 9.618903298153578, 9.499741135239217, 9.774323377038673, 9.780163203521854, 9.726511229595227, 9.495776321462602, 9.96884796364676, 9.899842510871926, 9.680376072483712, 9.585678481400766, 9.379878103128368], "time_total": [0, 1.2267971001565456, 2.4729431001469493, 3.733742000069469, 5.020046500023454, 6.310389100108296, 7.501065400196239, 8.680242400150746, 9.850377600174397, 11.018020700197667, 12.188668200047687, 13.372572500025854, 14.576297800056636, 15.761150900041685, 16.94904820015654, 18.133172300178558, 19.31430420000106, 20.49357990012504, 21.661501600174233, 22.83724580006674, 24.00931190000847, 25.188530100043863, 26.366035300074145, 27.533571500098333, 28.728456400102004, 29.90504310000688, 31.106842700159177, 32.29047150001861, 33.476016300031915, 34.66650769999251, 35.848373300163075, 37.027503200108185, 38.212471900042146, 39.393418200081214, 40.62723850016482, 41.84791950020008, 43.06808690004982, 44.259261399973184, 45.466875800164416, 46.66682090004906, 47.86833420000039, 49.08620969997719, 50.28415760002099, 51.50294030015357, 52.69816690008156, 53.89392220019363, 55.102546100039035, 56.300721200183034, 57.506862699985504, 58.71931289997883, 59.93103750003502, 61.14673520019278, 62.36244310019538, 63.56078340020031, 64.76555320015177, 65.98636090010405, 67.18962670001201, 68.40585400001146, 69.60982340015471, 70.81657050014473, 72.02931940020062, 73.23218140006065, 74.46213020011783, 75.71511570014991, 77.00453350017779, 78.21283770003356, 79.43190650013275, 80.64539730013348, 81.86040940019302, 83.06986960000359, 84.281350400066, 85.53529889998026, 86.76236160006374, 87.97296040016226, 89.21964450017549, 90.43746430007741, 91.66953670000657, 92.88932630000636, 94.11419680016115, 95.33682930003852, 96.55701550003141, 97.78427960001864, 99.00691370014101, 100.2445363001898, 101.49184010014869, 102.71731350012124, 103.94239880004898, 105.17212160001509, 106.40377700002864, 107.63801750005223, 108.87093290011398, 110.14191920007579, 111.440147300018, 112.71514290012419, 113.9541615000926, 115.18206150014885, 116.40974310017191, 117.64784039999358, 118.88432660000399, 120.12168540013954, 121.35738210007548]}