{"name": "H50_S20_I43811_0", "h_size": 50, "t_steps": 20, "input_text_size": 43811, "input_text": "Pan Tadeusz ks. I", "iterations": [0, 1000, 2000, 3000, 4000, 5000, 6000, 7000, 8000, 9000, 10000, 11000, 12000, 13000, 14000, 15000, 16000, 17000, 18000, 19000, 20000, 21000, 22000, 23000, 24000, 25000, 26000, 27000, 28000, 29000, 30000, 31000, 32000, 33000, 34000, 35000, 36000, 37000, 38000, 39000, 40000, 41000, 42000, 43000, 44000, 45000, 46000, 47000, 48000, 49000, 50000, 51000, 52000, 53000, 54000, 55000, 56000, 57000, 58000, 59000, 60000, 61000, 62000, 63000, 64000, 65000, 66000, 67000, 68000, 69000, 70000, 71000, 72000, 73000, 74000, 75000, 76000, 77000, 78000, 79000, 80000, 81000, 82000, 83000, 84000, 85000, 86000, 87000, 88000, 89000, 90000, 91000, 92000, 93000, 94000, 95000, 96000, 97000, 98000, 99000, 100000], "loss": [85.25302423933213, 70.00971181613987, 60.19444147381422, 55.272162700771304, 52.841259945987, 51.4267393237132, 50.623262135746835, 49.89217496348223, 49.20782024287301, 49.32365402442153, 48.94172941143067, 48.78677770662956, 48.04019723601656, 48.06339688278049, 47.57838990388603, 47.46240519296432, 47.17967180581517, 47.17593733003158, 46.93236740301567, 46.6839940000908, 46.96942128733629, 46.79838591603874, 46.86311288065026, 46.33670982837637, 46.56520722824413, 45.91816797506901, 46.026897022136104, 45.85574215439592, 45.93977997905324, 45.73512619496395, 45.582304521141886, 45.7212956939532, 45.5145724377681, 45.671177741615395, 45.34866809441338, 45.52300386143495, 45.014005853735505, 45.170255522491395, 44.96899588700688, 45.0282535582836, 44.83004904333208, 44.937126203751745, 44.898024359507545, 44.774145747919945, 45.042036429717726, 44.75934098938446, 44.83899381123033, 44.44405150694661, 44.705920842220074, 44.35149164332362, 44.44987738438434, 44.300136362706965, 44.436708709644726, 44.3517937450694, 44.219409181441264, 44.54760870659996, 44.31555982905937, 44.484726569662655, 44.005961552881104, 44.29909370747091, 43.82345908514639, 43.94254734689361, 43.88435858505586, 43.97198379543755, 43.92849309983643, 43.76076448909774, 44.07591752048021, 43.87252874894872, 44.04632609209881, 43.67112756342007, 43.97971796929761, 43.37913508058403, 43.54545204859911, 43.45264065076119, 43.53579444550671, 43.5276756001772, 43.418945302438054, 43.646470304140536, 43.406398402571995, 43.69405041525933, 43.38585728638752, 43.578427757835726, 43.1030038302028, 43.269411708195975, 43.161508752610416, 43.22899183268546, 43.1285834420897, 43.210842267928356, 43.27355258229876, 43.09667796719032, 43.488953301354044, 43.18366845780971, 43.289837013050736, 42.901058125817606, 43.166415540493375, 42.867674021630194, 42.90279057529348, 42.89477333594916, 43.01014716219267, 43.009527698413756, 42.78542933409528], "time_total": [0, 3.084404000081122, 6.291589000029489, 9.377138500101864, 12.462979400064796, 15.60905160009861, 18.706333700101823, 21.782060500001535, 24.868909700075164, 27.982471199939027, 31.07741539995186, 34.17366040009074, 37.293865900021046, 40.52891659992747, 43.63889509998262, 46.734000500058755, 49.835526099894196, 52.99212069995701, 56.10393589991145, 59.22381159989163, 62.31171640008688, 65.41597030009143, 68.54250420001335, 71.64859779994003, 74.83526269998401, 77.98633010010235, 81.10176829993725, 84.24360039993189, 87.34589509991929, 90.46598379989155, 93.5982260000892, 96.71368829999119, 99.82581910002045, 102.95067779999226, 106.0727166000288, 109.28742070007138, 112.43923219991848, 115.58700839988887, 118.70660290005617, 121.83142550010234, 124.95572299999185, 128.0732670999132, 131.19673170009628, 134.34121720003895, 137.46489430009387, 140.58872130000964, 143.777214899892, 147.0329412999563, 150.16588249988854, 153.30836419994012, 156.43364650011063, 159.56354300002567, 162.69844090007246, 165.83945790003054, 169.00254209991544, 172.13404630008154, 175.29541309992783, 178.45779299992137, 181.6939203001093, 184.8465948998928, 187.98032370000146, 191.1372607999947, 194.30939739989117, 197.44857649994083, 200.5776637000963, 203.74115139991045, 206.8813978000544, 210.04676009994, 213.22926920000464, 216.46487760008313, 219.61699440004304, 222.7572242000606, 225.9060221000109, 229.05467030010186, 232.1836292000953, 235.39391590002924, 238.54785429988988, 241.8210728999693, 245.2055216000881, 248.75519949989393, 252.16788510000333, 255.82957959990017, 259.84171890001744, 263.72817029990256, 267.30419789999723, 270.72130770003423, 274.10106800007634, 277.34425329999067, 280.4977432999294, 283.68388359993696, 286.84595400001854, 290.0195112999063, 293.1949157998897, 296.3707673000172, 299.5369043000974, 302.6803935000207, 305.86597630009055, 309.0185446999967, 312.17715539992787, 315.32938100001775, 318.5100010000169]}