{"name": "H50_S10_I707_0", "h_size": 50, "t_steps": 10, "input_text_size": 707, "input_text": "Pan Tadeusz ks. I", "iterations": [0, 1000, 2000, 3000, 4000, 5000, 6000, 7000, 8000, 9000, 10000, 11000, 12000, 13000, 14000, 15000, 16000, 17000, 18000, 19000, 20000, 21000, 22000, 23000, 24000, 25000, 26000, 27000, 28000, 29000, 30000, 31000, 32000, 33000, 34000, 35000, 36000, 37000, 38000, 39000, 40000, 41000, 42000, 43000, 44000, 45000, 46000, 47000, 48000, 49000, 50000, 51000, 52000, 53000, 54000, 55000, 56000, 57000, 58000, 59000, 60000, 61000, 62000, 63000, 64000, 65000, 66000, 67000, 68000, 69000, 70000, 71000, 72000, 73000, 74000, 75000, 76000, 77000, 78000, 79000, 80000, 81000, 82000, 83000, 84000, 85000, 86000, 87000, 88000, 89000, 90000, 91000, 92000, 93000, 94000, 95000, 96000, 97000, 98000, 99000, 100000], "loss": [35.26376333606479, 22.897849013356822, 12.471028885079223, 6.7219205495097425, 3.8298768868395134, 2.2367186082545767, 1.4519901189181499, 1.0937225241320734, 0.8727560785763291, 0.7936368907381076, 0.6707959144246987, 0.6324714725350827, 0.642253680172165, 0.5578185473367041, 0.42714582330323675, 0.5207580263043238, 0.3456528401156618, 0.45332133230023924, 0.3421410757218199, 0.36367995339701487, 0.31488747238965475, 0.22625248612502077, 0.38984049366794205, 0.2833797949496904, 0.4086975869217247, 0.3144620309982065, 0.25046760568715176, 0.16147057738871642, 0.12242332844779934, 0.10285036499909019, 0.09259848788726403, 0.08508520698680087, 0.5610936600751788, 0.31785810517703567, 0.18053189989505397, 0.11571557791515766, 0.08609132196619, 0.4519395463651595, 0.3088742729101957, 0.15686421704147183, 0.09397276495454347, 0.06665251419666475, 0.053557260156950455, 0.046568444205878516, 0.046911061650803, 0.04651770583182193, 0.04118498212929778, 0.03838614309284456, 0.04474197178744237, 0.18813018062690745, 0.20704278213733968, 0.36308375520671776, 0.18073870092612102, 0.10171715332613629, 0.06638413171785056, 0.0507393621782448, 0.04207229703528184, 0.037044357254599015, 0.034163767320834995, 0.03187472034159014, 0.029807226514277287, 0.02816506541373637, 0.02676526974912037, 0.02559737039971501, 0.024619838079022772, 0.023856587827802266, 0.023062917067740076, 0.022311404838182315, 0.02160249944101159, 0.020844726175030557, 0.02014029043546963, 0.019488896108670672, 0.2911954737276315, 0.14993475800629, 0.0826790404442907, 0.056573115217086696, 0.04317506777927965, 0.03890807644335669, 0.03453240156605396, 0.03247601603883687, 0.16522141377862, 0.3121230476113321, 0.21631235189327405, 0.13692864008598765, 0.08428592464262837, 0.05553543045477983, 0.04145502907659386, 0.0361388591863037, 0.03296257852505368, 0.029923866010774205, 0.028096670622759872, 0.026820515300575196, 0.025949384257792724, 0.02538987805113428, 0.024848010331006025, 0.02445345888149462, 0.02450477362615247, 0.1943784718865755, 0.3147644008345497, 0.33076012827515455, 0.20352866261119204], "time_total": [0, 1.694958999985829, 3.397498599952087, 5.09238120005466, 6.780781700043008, 8.513736299937591, 10.208870900096372, 11.902528000064194, 13.603709500050172, 15.298858500085771, 17.011569800088182, 18.763754300074652, 20.486474700039253, 22.18408100004308, 23.890363299986348, 25.581939300056547, 27.28852259996347, 28.994604000123218, 30.715949600096792, 32.42745169997215, 34.14172610011883, 35.86415220005438, 37.60317200003192, 39.30760630010627, 41.010505200130865, 42.714091500034556, 44.43345639994368, 46.157441300107166, 47.87043280014768, 49.588209399953485, 51.32570610009134, 53.11042209994048, 54.86938840011135, 56.585406500147656, 58.299599800026044, 60.00837940000929, 61.72020240011625, 63.461276000132784, 65.1823951001279, 66.94343150011264, 68.67769160005264, 70.41782249999233, 72.1476255999878, 73.87628299999051, 75.60688049998134, 77.3487909999676, 79.08690420002677, 80.8223699000664, 82.55245930003002, 84.29614520003088, 86.01537610008381, 87.81879490008578, 89.60394160007127, 91.35196870006621, 93.08099050004967, 94.81469910009764, 96.60407930007204, 98.3390103999991, 100.08076889999211, 101.81503800000064, 103.55544569995254, 105.3011831000913, 107.03754130005836, 108.77518719993532, 110.55511369998567, 112.29324130015448, 114.02687610010616, 115.76865390012972, 117.51954370015301, 119.26827739994042, 120.99814620008692, 122.81997810001485, 124.60984309995547, 126.39998070010915, 128.15306490007788, 129.8852113999892, 131.6395275001414, 133.38878579996526, 135.1401323999744, 136.89621750009246, 138.64730569999665, 140.3845455001574, 142.14068410010077, 143.90531000006013, 145.67805270012468, 147.43658450013027, 149.18920719996095, 150.95806480012834, 152.71627279999666, 154.47082610009238, 156.25098560005426, 158.09475850011222, 159.91527430014685, 161.67283749999478, 163.42452739994042, 165.2112470001448, 166.99029819993302, 168.76029090001248, 170.51899809995666, 172.27934539993294, 174.05352549999952]}