{"name": "H50_S30_I43811_0", "h_size": 50, "t_steps": 30, "input_text_size": 43811, "input_text": "Pan Tadeusz ks. I", "iterations": [0, 1000, 2000, 3000, 4000, 5000, 6000, 7000, 8000, 9000, 10000, 11000, 12000, 13000, 14000, 15000, 16000, 17000, 18000, 19000, 20000, 21000, 22000, 23000, 24000, 25000, 26000, 27000, 28000, 29000, 30000, 31000, 32000, 33000, 34000, 35000, 36000, 37000, 38000, 39000, 40000, 41000, 42000, 43000, 44000, 45000, 46000, 47000, 48000, 49000, 50000, 51000, 52000, 53000, 54000, 55000, 56000, 57000, 58000, 59000, 60000, 61000, 62000, 63000, 64000, 65000, 66000, 67000, 68000, 69000, 70000, 71000, 72000, 73000, 74000, 75000, 76000, 77000, 78000, 79000, 80000, 81000, 82000, 83000, 84000, 85000, 86000, 87000, 88000, 89000, 90000, 91000, 92000, 93000, 94000, 95000, 96000, 97000, 98000, 99000, 100000], "loss": [127.88060637717778, 95.41461717245363, 79.0297340651973, 72.06178135121768, 67.99369909274473, 65.43524996710659, 64.84471862958402, 63.3605019730018, 62.39167416528778, 62.18295275554196, 61.05486401523735, 60.77138758686007, 60.44933578287489, 59.623707699969565, 59.52839438213612, 58.93434591886567, 58.87051560030948, 58.28713895107405, 57.8720090092414, 57.970185087565625, 57.422637393832915, 56.923280765145726, 57.30709972693804, 56.80843584541213, 56.15417124453614, 56.80791739245181, 56.03363819806762, 55.78179007562341, 55.97648387799851, 55.34206902947265, 55.408598941085366, 55.32272828901459, 55.06039549567092, 54.94618989420908, 54.684780818880306, 54.81296928775285, 54.43437846422142, 54.129193837871284, 54.56059023831151, 54.13003339870805, 53.61417986612672, 54.22590285416766, 53.74131859805878, 53.190464791363304, 53.946479517607344, 53.365498440060364, 53.13769776801152, 53.31470508869922, 52.84074721620834, 53.02954131245023, 52.89414630497993, 52.7379327767647, 52.58755042132735, 52.40464858529869, 52.644215197166716, 52.272347342830386, 51.950436184416496, 52.51714372891822, 52.09047303083599, 51.52396097964503, 52.35784404035213, 51.855856322067794, 51.366895670620906, 52.033775479366405, 51.46560494215867, 51.34766145477232, 51.61847901204214, 51.122760491356, 51.35033051317829, 51.16676397889486, 51.27475045638041, 51.02386396858264, 50.838671340568396, 51.12750111006494, 50.79205591926041, 50.49897101033522, 51.0925202298157, 50.66994646543196, 50.1184282953163, 51.04656294178603, 50.49654721687502, 50.14303086970148, 50.74533226227963, 50.15287205273086, 50.22527711731971, 50.377079590056425, 50.05532692526515, 50.155165322019684, 49.991429237492085, 50.23103445294499, 49.926174198610475, 49.7977052446715, 50.10950450685887, 49.78959476533735, 49.48764787407936, 50.07849881794753, 49.79472274706166, 49.28846001445049, 50.117010672358134, 49.58195356916829, 49.38454563535527], "time_total": [0, 4.3337805001065135, 8.701657100114971, 13.051914400188252, 17.458923400146887, 21.79127290006727, 26.26829650020227, 30.6270978001412, 34.966332300100476, 39.31951940013096, 43.73150230012834, 48.094583000056446, 52.477342300117016, 56.86418230016716, 61.328116400167346, 65.6973818000406, 70.07654700009152, 74.46361750015058, 78.85398730007, 83.22382140019909, 87.61859860015102, 92.00067230011337, 96.44160440005362, 100.80291850003414, 105.20844270009547, 109.60355610004626, 113.96403510007076, 118.35500600002706, 122.72169660008512, 127.10401070001535, 131.60544660012238, 136.0332751001697, 140.40692600002512, 144.79907260020263, 149.18572690011933, 153.5605485001579, 157.945783900097, 162.36609100014903, 166.9048330001533, 171.2936857000459, 175.67014760011807, 180.06529110018164, 184.46003990015015, 188.85806720005348, 193.28687170008197, 197.70046550012194, 202.1842049001716, 206.6075306001585, 211.0000436999835, 215.3883788001258, 219.77810820005834, 224.1922562001273, 228.60486160009168, 233.05568670015782, 237.52607480017468, 242.09130880003795, 246.94096400006674, 251.73269159998745, 257.05191100016236, 262.4096010001376, 267.2425228001084, 272.0334666999988, 276.60478639998473, 281.01278460002504, 285.62642650003545, 290.0189955001697, 294.4077493001241, 298.82730890018865, 303.2337166001089, 307.64040570007637, 312.0866728001274, 316.5141244002152, 320.92646030010656, 325.34939350001514, 329.7869045000989, 334.2446010999847, 339.0180833002087, 343.460411200067, 347.9206318000797, 352.3629079000093, 356.7866589000914, 361.2241626000032, 365.63458489999175, 370.04278630018234, 374.48899700003676, 378.94519830006175, 383.4138377001509, 387.82491390011273, 392.2448718000669, 396.97420689999126, 401.39793650014326, 405.824602200184, 410.26498530013487, 414.68193960003555, 419.1594046000391, 423.5674728001468, 428.0130774001591, 432.45602080016397, 436.8838321000803, 441.3102832001168, 445.75982510019094]}