{"name": "H50_S25_I43811_0", "h_size": 50, "t_steps": 25, "input_text_size": 43811, "input_text": "Pan Tadeusz ks. I", "iterations": [0, 1000, 2000, 3000, 4000, 5000, 6000, 7000, 8000, 9000, 10000, 11000, 12000, 13000, 14000, 15000, 16000, 17000, 18000, 19000, 20000, 21000, 22000, 23000, 24000, 25000, 26000, 27000, 28000, 29000, 30000, 31000, 32000, 33000, 34000, 35000, 36000, 37000, 38000, 39000, 40000, 41000, 42000, 43000, 44000, 45000, 46000, 47000, 48000, 49000, 50000, 51000, 52000, 53000, 54000, 55000, 56000, 57000, 58000, 59000, 60000, 61000, 62000, 63000, 64000, 65000, 66000, 67000, 68000, 69000, 70000, 71000, 72000, 73000, 74000, 75000, 76000, 77000, 78000, 79000, 80000, 81000, 82000, 83000, 84000, 85000, 86000, 87000, 88000, 89000, 90000, 91000, 92000, 93000, 94000, 95000, 96000, 97000, 98000, 99000, 100000], "loss": [106.56679393126787, 81.01365599146679, 67.61451911129095, 61.01574841674406, 57.7425019013398, 55.92320139303738, 54.59647281224702, 54.383547882912566, 53.599988661297814, 53.25804091165461, 52.39646921313845, 51.98953548354462, 51.392746211252046, 51.029474421703085, 51.235924930738214, 50.85970125851504, 50.790969235168895, 50.048179247330914, 49.94024372237009, 49.46666811322833, 49.27257558742363, 49.5522884015315, 49.27219309099526, 49.33862548917732, 48.61744066926476, 48.66260533540988, 48.22493958026081, 48.070554755536456, 48.416755735150176, 48.15222885282877, 48.346436744903215, 47.619068042973325, 47.74013288002935, 47.34305248521902, 47.21351783254325, 47.59163069613396, 47.26660012666023, 47.57899346657514, 46.869589531718425, 47.02645578945169, 46.63310498673849, 46.54952669382702, 46.88637963938445, 46.599210328214056, 46.90451880252908, 46.253156406470296, 46.42027557351642, 46.02859549476343, 46.00297882539959, 46.28963578961902, 46.000762286493305, 46.32279423489944, 45.66045655937522, 45.918922817202, 45.509794881892965, 45.516098473364316, 45.76306064936805, 45.49920454832446, 45.84676074444429, 45.1687800830248, 45.42932237791365, 45.00362029137868, 45.02303918421295, 45.2552489313207, 45.03834776657846, 45.40680383750384, 44.72764594927752, 44.91383495030484, 44.54656012606077, 44.604629224022425, 44.8148486708697, 44.57357063156624, 44.97841010339582, 44.31157471371163, 44.54771821189236, 44.15731519810696, 44.24423094581677, 44.41726930745897, 44.16786500111133, 44.57076911124389, 43.964584649676425, 44.221344397166376, 43.83261426610101, 43.924515915375935, 44.080140468286864, 43.84697072632909, 44.23282101456026, 43.692987191227765, 43.91995665595112, 43.53143480190661, 43.65444177588283, 43.76590517511969, 43.587890549506845, 43.95853396992141, 43.426317815422735, 43.66191588061571, 43.2738046061492, 43.38204819842921, 43.41907843041453, 43.31848875817179, 43.70389166812254], "time_total": [0, 3.8583354000002146, 7.731582500040531, 11.587043799925596, 15.425481999991462, 19.2817619999405, 23.254990099929273, 27.125569300027564, 30.965275400085375, 34.8275637999177, 38.70533060003072, 42.54634559992701, 46.39998280000873, 50.282593900104985, 54.152145700063556, 58.12636859994382, 62.01716369995847, 65.89776469999924, 69.77071529999375, 73.65473420009948, 77.49780709994957, 81.35829630005173, 85.21165760001168, 89.10176749993116, 93.06950800004415, 97.0057854000479, 100.87250120006502, 104.72517300001346, 108.61565950000659, 112.47284579998814, 116.35199659992941, 120.23187840008177, 124.09825580008328, 128.11640390008688, 132.0035288000945, 135.87422419991344, 139.73695149994455, 143.63050259999, 147.502917899983, 151.3892570999451, 155.28856229991652, 159.2026279999409, 163.21823349990882, 167.08519660006277, 170.9673923999071, 174.85760320001282, 178.72886679996736, 182.60612519993447, 186.53636180004105, 190.407919799909, 194.28317430010065, 198.2972524999641, 202.19056660006754, 206.08718629996292, 209.98540850006975, 213.86855220003054, 217.80722730001435, 221.69908099994063, 225.56905669998378, 229.47785390005447, 233.48812750005163, 237.40547630004585, 241.40211730008014, 245.6848619999364, 249.96731849992648, 254.2866239999421, 259.03185239993036, 263.07662940002047, 266.98187529994175, 270.96366379992105, 275.2013759999536, 279.3646156000905, 283.45298520009965, 287.369718400063, 291.27293509989977, 295.15018710005097, 299.08066469989717, 302.9757533001248, 306.87636719993316, 310.94750529993325, 314.934294299921, 318.8456385000609, 322.7821722999215, 326.70424850005656, 330.63320880010724, 334.5388130999636, 338.51437780004926, 342.4786028000526, 346.3868394000456, 350.3148652999662, 354.21259599993937, 358.1197544001043, 362.03097560000606, 366.13607409992255, 370.1378448999021, 374.0590743999928, 378.03370929998346, 382.0214823000133, 385.93521400005557, 389.8646287000738, 394.2368594999425]}