{"name": "H50_S40_I43811_0", "h_size": 50, "t_steps": 40, "input_text_size": 43811, "input_text": "Pan Tadeusz ks. I", "iterations": [0, 1000, 2000, 3000, 4000, 5000, 6000, 7000, 8000, 9000, 10000, 11000, 12000, 13000, 14000, 15000, 16000, 17000, 18000, 19000, 20000, 21000, 22000, 23000, 24000, 25000, 26000, 27000, 28000, 29000, 30000, 31000, 32000, 33000, 34000, 35000, 36000, 37000, 38000, 39000, 40000, 41000, 42000, 43000, 44000, 45000, 46000, 47000, 48000, 49000, 50000, 51000, 52000, 53000, 54000, 55000, 56000, 57000, 58000, 59000, 60000, 61000, 62000, 63000, 64000, 65000, 66000, 67000, 68000, 69000, 70000, 71000, 72000, 73000, 74000, 75000, 76000, 77000, 78000, 79000, 80000, 81000, 82000, 83000, 84000, 85000, 86000, 87000, 88000, 89000, 90000, 91000, 92000, 93000, 94000, 95000, 96000, 97000, 98000, 99000, 100000], "loss": [170.50705825531526, 148.33742003513504, 128.65315563041253, 116.62547132127352, 109.60663539325535, 105.22920837967233, 101.88433180393329, 99.62468286481949, 98.08029746824955, 96.9336330786618, 96.09164854807004, 95.36923698710483, 94.65937807918124, 94.03896504349261, 93.59581818676556, 92.87832622984251, 92.52211007465033, 92.07123300090197, 91.548059342778, 91.33394787371365, 91.01801795414856, 90.90869945931817, 90.84084160488506, 90.47233332957835, 90.16204858121108, 89.73706307708845, 89.68302783087043, 89.32422689859139, 89.3382425371509, 88.91901747941864, 88.70939557826365, 88.68057314002898, 88.66736451459667, 88.66799499950977, 88.53502386103357, 88.33684288368498, 87.82170342463859, 87.78857794173024, 87.58305329391146, 87.54931459593503, 87.421768486397, 87.10915446769002, 87.10125989433638, 87.01641659069321, 87.07401275637295, 87.19821305457016, 86.94321082077421, 86.71920527757379, 86.36928857028909, 86.46858599054369, 86.21613391975052, 86.30129240956849, 86.01763887180024, 85.82735448833016, 85.95376131138845, 85.9515430143372, 86.05956237393741, 85.96957563194424, 85.79412313132072, 85.27634555521033, 85.33626470809241, 85.24989389852594, 85.20149681446868, 85.14749788675303, 84.81946584799167, 84.88448051568167, 84.8357663420872, 84.93553570439002, 85.11074552529172, 84.86465033358644, 84.62555176681455, 84.37982350833038, 84.46811924822522, 84.24337568638279, 84.33996335331054, 84.09219034569786, 83.90231177276765, 84.07421354689681, 84.1151867906516, 84.25542995260714, 84.20038967673966, 84.01946342134562, 83.49003925398769, 83.57516953875778, 83.53654206271099, 83.50130286794335, 83.49199255954306, 83.20045030149073, 83.317946007132, 83.31114647732691, 83.40199206193033, 83.58507897158563, 83.4307128457447, 83.15230356173494, 82.80641411760863, 82.99448157409617, 82.79445572855096, 82.93959595478094, 82.71283697796245, 82.56023827884228, 82.72772330305743], "time_total": [0, 5.598109100013971, 11.330737099982798, 16.92872570012696, 22.53705530008301, 28.178509100107476, 33.77596120000817, 39.64946929994039, 45.37518380000256, 51.01784320012666, 56.61538670002483, 62.24153140000999, 67.98614630009979, 73.60141510004178, 79.26842280011624, 84.95249560009688, 90.57581750000827, 96.18135279999115, 101.81937639997341, 107.45886190002784, 113.08295499999076, 118.80085920006968, 124.42093409993686, 130.06592370010912, 135.72032860014588, 141.34367269999348, 146.96941999997944, 152.71052780002356, 158.34553689998575, 163.98330680001527, 169.6292113000527, 175.30144680012017, 180.928410399938, 186.68049350008368, 192.31668690009974, 197.97476170002483, 203.61783130001277, 209.2484081001021, 214.88670099992305, 220.62769729993306, 226.2633859999478, 231.88949350011535, 237.5574084999971, 243.44984659994952, 249.61844690004364, 256.2518054000102, 263.44630930013955, 270.3977618000936, 276.8906592000276, 282.54696900001727, 288.1719176999759, 293.85472820000723, 299.57296609994955, 305.2158500999212, 310.8540833001025, 316.5332254001405, 322.2000341000967, 327.89734939998016, 333.5868200000841, 339.26517389994115, 344.91876989998855, 350.6021803000476, 356.288579700049, 361.98472880013287, 367.6936168000102, 373.34293280006386, 379.04349770001136, 384.6932455000933, 390.3830216000788, 396.0703799999319, 401.73829100001603, 407.4230535000097, 413.10128840012476, 418.8031897000037, 424.4745028000325, 430.1317779000383, 435.8275473001413, 441.5205286999699, 447.20528939994983, 452.86949339997955, 458.54716960014775, 464.24840430007316, 469.922562800115, 475.6854890000541, 481.37710819998756, 487.06149580003694, 492.858940300066, 498.5425386999268, 504.2418740999419, 509.93054890003987, 515.6076322000008, 521.2918740001041, 526.9680403000675, 532.6384072001092, 538.3898676000535, 544.1949845999479, 549.8674008001108, 555.6533274000976, 561.3512110000011, 567.1225288999267, 572.8304662001319]}