{"name": "H50_S50_I43811_0", "h_size": 50, "t_steps": 50, "input_text_size": 43811, "input_text": "Pan Tadeusz ks. I", "iterations": [0, 1000, 2000, 3000, 4000, 5000, 6000, 7000, 8000, 9000, 10000, 11000, 12000, 13000, 14000, 15000, 16000, 17000, 18000, 19000, 20000, 21000, 22000, 23000, 24000, 25000, 26000, 27000, 28000, 29000, 30000, 31000, 32000, 33000, 34000, 35000, 36000, 37000, 38000, 39000, 40000, 41000, 42000, 43000, 44000, 45000, 46000, 47000, 48000, 49000, 50000, 51000, 52000, 53000, 54000, 55000, 56000, 57000, 58000, 59000, 60000, 61000, 62000, 63000, 64000, 65000, 66000, 67000, 68000, 69000, 70000, 71000, 72000, 73000, 74000, 75000, 76000, 77000, 78000, 79000, 80000, 81000, 82000, 83000, 84000, 85000, 86000, 87000, 88000, 89000, 90000, 91000, 92000, 93000, 94000, 95000, 96000, 97000, 98000, 99000, 100000], "loss": [213.13405305587295, 165.40433179447857, 139.0693995270689, 127.09829783300223, 121.84407898222007, 118.74177363451165, 116.85204194540577, 115.85568370723391, 114.85070219573434, 113.74048706247487, 112.89536822389148, 112.68507455606756, 111.97444239536203, 111.57549157641651, 111.49039694244567, 111.1854748643697, 110.44864719878338, 109.91662235594848, 109.92577445330193, 109.52028417993223, 109.30639621518915, 109.3962009857225, 109.22037536100818, 108.64433494593138, 108.23955875903617, 108.22196463302446, 107.93700085073662, 107.86020860604792, 107.94703301300115, 107.8476241081441, 107.40062337458917, 107.00618128725438, 106.98019679268984, 106.75275283313736, 106.68117450201694, 106.78076228015406, 106.77068997977538, 106.29493688943286, 105.9862728471317, 105.9208275576942, 105.7548485445541, 105.6999825726144, 105.80232115926258, 106.05946761272506, 105.5475245472341, 105.16180204525476, 105.10678308651659, 104.9386944110083, 104.91636534045122, 104.95336254676504, 105.02131405215482, 104.72258900342487, 104.39156236111506, 104.32045550469866, 104.2067059054236, 104.26484191120231, 104.20326295178974, 104.2959223576976, 104.046688557935, 103.7481887958243, 103.65056646108151, 103.62576604002152, 103.64228202491348, 103.58138166613381, 103.73080737531212, 103.44683666101824, 103.20881850891472, 103.03237881183217, 103.06491059766142, 103.08664058695638, 102.89511436493204, 103.17828838630504, 102.86399542841421, 102.59619061756248, 102.46724117689021, 102.49359077491266, 102.56504902118478, 102.25419604482187, 102.62592793241078, 102.3672640396538, 102.10908976628932, 101.89859457977091, 101.98477932966395, 102.03057375681644, 101.66104486377729, 102.10999104148593, 101.89627547834296, 101.63255368705865, 101.35130097101697, 101.55503506135528, 101.47910591677037, 101.16936977909897, 101.6289941279381, 101.47491690448511, 101.21148696033833, 100.8325362112471, 101.12964840240637, 101.01243707240408, 100.75055240427261, 101.08144308990559, 101.02438918148616], "time_total": [0, 6.928283900022507, 13.788594600046054, 20.732358700130135, 27.710724800126627, 34.598223600070924, 41.5287057000678, 48.45667370012961, 55.342560900142416, 62.34586800006218, 69.30435490002856, 76.21929910010658, 83.14072740008123, 90.05579439993016, 97.10806669993326, 104.01117840013467, 110.95233569992706, 117.84832630003802, 124.81429619994015, 131.86154800001532, 138.83579150005244, 145.7511120000854, 152.64684309996665, 159.6147004000377, 166.61348429997452, 173.56795080006123, 180.4730213000439, 187.444058699999, 194.4068617001176, 201.45503009995446, 208.40368980006315, 215.3281475000549, 222.2597002000548, 229.18315199995413, 236.20433420012705, 243.36255150008947, 250.9841040999163, 259.8803018000908, 268.65955460001715, 275.7885388999712, 282.75376070011407, 289.74180499999784, 296.7339361999184, 303.6914542000741, 310.69717420008965, 317.6690076999366, 324.62821840005927, 331.5654239000287, 338.5191321000457, 345.5598111001309, 352.49597780010663, 359.4727159999311, 366.4641801000107, 373.4627984999679, 380.4671529000625, 387.43255689996295, 394.4274848001078, 401.39215580001473, 408.36290420009755, 415.341805400094, 422.3392664999701, 429.3348662001081, 436.32938329991885, 443.32064820011146, 450.3888709999155, 457.37670000013895, 464.33701339992695, 471.30528530012816, 478.32720820000395, 485.3191356000025, 492.3078817999922, 499.27699980000034, 506.2774559999816, 513.2373097999953, 520.2604312999174, 527.2737086999696, 534.242041700054, 541.19454460009, 548.1643821001053, 555.2001128001139, 562.2302051000297, 569.2304605999961, 576.2054133999627, 583.2225093999878, 590.2852334999479, 597.2730845999904, 604.266226900043, 611.2967421999201, 618.305396300042, 625.3598706999328, 632.3599223000929, 639.4311319000553, 646.4286019001156, 653.4073080001399, 660.4510244999547, 667.4574045001063, 674.4158948000986, 681.4163266001269, 688.4157034999225, 695.451431500027, 702.4612259999849]}