{"name": "H50_S10_I43811_0", "h_size": 50, "t_steps": 10, "input_text_size": 43811, "input_text": "Pan Tadeusz ks. I", "iterations": [0, 1000, 2000, 3000, 4000, 5000, 6000, 7000, 8000, 9000, 10000, 11000, 12000, 13000, 14000, 15000, 16000, 17000, 18000, 19000, 20000, 21000, 22000, 23000, 24000, 25000, 26000, 27000, 28000, 29000, 30000, 31000, 32000, 33000, 34000, 35000, 36000, 37000, 38000, 39000, 40000, 41000, 42000, 43000, 44000, 45000, 46000, 47000, 48000, 49000, 50000, 51000, 52000, 53000, 54000, 55000, 56000, 57000, 58000, 59000, 60000, 61000, 62000, 63000, 64000, 65000, 66000, 67000, 68000, 69000, 70000, 71000, 72000, 73000, 74000, 75000, 76000, 77000, 78000, 79000, 80000, 81000, 82000, 83000, 84000, 85000, 86000, 87000, 88000, 89000, 90000, 91000, 92000, 93000, 94000, 95000, 96000, 97000, 98000, 99000, 100000], "loss": [42.626755622253775, 36.800017402128255, 32.235877290062874, 29.75519804130977, 28.48482669190162, 27.990672239323892, 27.26030621318681, 26.971565983410336, 26.55242899647262, 26.46908369766416, 25.85302610410146, 25.69619815158476, 25.60507712564225, 25.556671706043506, 25.35120204861885, 24.956117546323014, 24.948000274276428, 24.804515876956582, 24.886470312407628, 24.448789604962567, 24.65969864707591, 24.463572070741293, 24.66798858739797, 24.389545828872716, 24.23126185995063, 24.237025581806073, 24.33234756577627, 24.189803693969658, 23.895895735474717, 24.015147300129964, 23.90661878496382, 24.04775857955009, 23.670364546107148, 23.82871618264165, 23.84439082788255, 23.89053670695901, 23.600590254992884, 23.366213313391054, 23.473482782764876, 23.493877674653966, 23.56562541263702, 23.265428206143948, 23.458851553169975, 23.343631949747603, 23.53265036601441, 23.084767476926817, 23.150310386033723, 23.25757240947528, 23.409579344966005, 23.131349333914716, 22.820049896434636, 23.05100333549051, 23.03498342422708, 23.227131271481976, 22.85523592229016, 23.106226790515052, 23.0611564089445, 23.119386350533237, 22.814279484683997, 22.71366130635861, 22.76031007586056, 22.973482486520044, 22.848901598457072, 22.6023200705688, 22.792380735834197, 22.710605564151653, 22.88352678968412, 22.546311293449463, 22.67292396122519, 22.789327365630193, 22.854805825578037, 22.600277134493886, 22.36734111850283, 22.525525145322394, 22.510668368128346, 22.72689473412329, 22.401709347027012, 22.614908198295677, 22.51853997341421, 22.739974338094772, 22.344606232784482, 22.372157105235075, 22.49328198128518, 22.632742281626957, 22.413012516230875, 22.132071825724715, 22.364965931007905, 22.334171170451334, 22.525011748014133, 22.23131949876588, 22.39541948339875, 22.397107788810512, 22.476204118353643, 22.23394818285742, 22.063372168444833, 22.19346500936422, 22.325853151019402, 22.34083596556459, 22.057813949233765, 22.288302096501738, 22.21006742444957], "time_total": [0, 1.844208100112155, 3.6537917000241578, 5.468866300070658, 7.291772100143135, 9.10767100006342, 10.930292200064287, 12.759861200116575, 14.570248400093988, 16.391379700042307, 18.226954100187868, 20.100086000049487, 21.912635500077158, 23.73642500001006, 25.55122490017675, 27.364270200021565, 29.180118000134826, 31.019596100086346, 32.882845300016925, 34.77947960002348, 36.62051640008576, 38.44669400015846, 40.2621802999638, 42.12095100013539, 43.94713850016706, 45.77921189996414, 47.610799100017175, 49.44504540017806, 51.268550800159574, 53.10245680017397, 54.934475200017914, 56.80071630002931, 58.667928100097924, 60.510080700041726, 62.35691570001654, 64.2008547000587, 66.05569160007872, 67.91813320014626, 69.82443760009483, 71.71748680016026, 73.55444269999862, 75.39050300000235, 77.23217270011082, 79.07808880019002, 80.92705409997143, 82.77974380017258, 84.63394920015708, 86.48959190002643, 88.35611210018396, 90.23126090015285, 92.07951609999873, 93.94040550012141, 95.80080890003592, 97.66771239996888, 99.53544020000845, 101.40053130011074, 103.27221590001136, 105.20015579997562, 107.11435619997792, 108.97639950015582, 110.8368172000628, 112.68855530000292, 114.54028349998407, 116.39880920015275, 118.26853490015492, 120.17278020014055, 122.03332879999653, 123.89844350004569, 125.75067560002208, 127.60637990012765, 129.47217259998433, 131.33325210004114, 133.19564100005664, 135.06289539998397, 136.9416308000218, 138.8486081000883, 140.82784959999844, 142.77866160008125, 144.66838419996202, 146.54086500010453, 148.41350040002726, 150.2813701000996, 152.15881650010124, 154.03640189999714, 155.92289820010774, 157.79667200008407, 159.73023920017295, 161.60996860009618, 163.48877659998834, 165.37367160012946, 167.25413929997012, 169.14460210013203, 171.03582180012017, 172.94394790008664, 174.89783979998901, 176.81323050009087, 178.69549760012887, 180.5745805001352, 182.48726349999197, 184.37289380002767, 186.26199580007233]}