{"name": "H50_S25_I707_0", "h_size": 50, "t_steps": 25, "input_text_size": 707, "input_text": "Pan Tadeusz ks. I", "iterations": [0, 1000, 2000, 3000, 4000, 5000, 6000, 7000, 8000, 9000, 10000, 11000, 12000, 13000, 14000, 15000, 16000, 17000, 18000, 19000, 20000, 21000, 22000, 23000, 24000, 25000, 26000, 27000, 28000, 29000, 30000, 31000, 32000, 33000, 34000, 35000, 36000, 37000, 38000, 39000, 40000, 41000, 42000, 43000, 44000, 45000, 46000, 47000, 48000, 49000, 50000, 51000, 52000, 53000, 54000, 55000, 56000, 57000, 58000, 59000, 60000, 61000, 62000, 63000, 64000, 65000, 66000, 67000, 68000, 69000, 70000, 71000, 72000, 73000, 74000, 75000, 76000, 77000, 78000, 79000, 80000, 81000, 82000, 83000, 84000, 85000, 86000, 87000, 88000, 89000, 90000, 91000, 92000, 93000, 94000, 95000, 96000, 97000, 98000, 99000, 100000], "loss": [88.1589930029951, 46.117487415952255, 19.50779145090836, 8.359157702646993, 3.851217910823169, 1.7237923719382664, 0.8333063690777066, 0.4528782852014266, 0.8063932627432087, 0.44951975147538253, 0.2736366835010129, 0.18805783577006066, 0.14318057336871587, 0.1168460082572803, 0.09961784477492576, 0.0875342801035979, 0.07844478606520115, 0.07117289992370594, 0.0651978583045327, 0.06034157310012022, 0.0561498229166081, 0.05247988222403772, 0.049357571529871226, 0.046637922205096376, 0.044154736634308474, 0.04189426899717016, 0.03994433647627871, 0.038124760409131805, 0.03643253284044431, 0.03493032497885286, 0.033572725726666704, 0.03227782762214165, 0.03104980533641337, 0.029976106157171598, 0.02893814027413267, 0.027949501144434796, 0.027057908853337836, 0.02624066168317051, 0.025444960310127475, 0.024736532012705086, 0.7860816116575134, 0.3574503084363892, 0.1771945369707299, 0.10620479277618078, 0.18115476091483465, 0.10508514325882712, 0.07033922857437583, 0.05376238692019712, 0.04506363061122272, 0.03982613340664551, 0.0362700182779296, 0.03356573027337914, 0.03135288722864837, 0.029473368244891794, 0.027905241250440433, 0.026529074249495625, 0.02529334978607617, 0.02421436354184496, 0.02325911524657161, 0.022378073921850233, 0.02155796113761418, 0.020841514061359652, 0.020172824979887618, 0.019538156971458616, 0.018968546270281775, 0.01845171960290332, 0.01795125839828736, 0.017464555488746557, 0.017037620643080596, 0.01662627611645359, 0.01622347855692868, 0.015857894993597958, 0.01552379278585603, 0.015190669217465244, 0.01485768056403826, 0.014567020742655154, 0.014280707353527683, 0.013994649312396515, 0.013733424553113896, 0.013494427406170718, 0.0132512656070121, 0.013003315621674689, 0.01278855352015125, 0.012573542080336312, 0.012355848393926831, 0.012156454074344297, 0.011974507135231707, 0.011786614346657336, 0.01159203938162304, 0.011425096550645348, 0.011255837843653216, 0.011082784327950896, 0.010924124168980505, 0.010780058653603848, 0.01062947642123832, 0.010471499818323194, 0.010337392290680416, 0.010199964302875477, 0.01005831404599223, 0.00992849069997241, 0.009811340732408523], "time_total": [0, 3.483460000017658, 6.971144699957222, 10.441266200039536, 13.958009799942374, 17.48497510002926, 20.940752000082284, 24.38321810006164, 27.859862999990582, 31.315059799933806, 34.76273660012521, 38.247910199919716, 41.711436999961734, 45.1871774001047, 48.70004120003432, 52.23562030005269, 55.7111577000469, 59.170540400082245, 62.64356429991312, 66.11280609993264, 69.64560390007682, 73.13428110000677, 76.60799879999831, 80.07833980000578, 83.63157379999757, 87.15044100000523, 90.6393293000292, 94.13732709991746, 97.63139960006811, 101.11537009989843, 104.59715929999948, 108.09470169991255, 111.58610860002227, 115.08785249991342, 118.6160134000238, 122.17794590000995, 125.6836508999113, 129.2393163999077, 132.72895039990544, 136.22605159995146, 139.71281130006537, 143.21362429996952, 146.70897860010155, 150.21354139992036, 153.73878269991837, 157.34534160001203, 160.88694419991225, 164.39911399991252, 167.90014920011163, 171.4149277000688, 174.93653360009193, 178.45452559995465, 181.95782250002958, 185.46137110004202, 189.03392009995878, 192.59872519993223, 196.11739280004986, 199.67064219992608, 203.1868249999825, 206.6972966999747, 210.20491220010445, 213.7637402000837, 217.26287119998597, 220.7895051999949, 224.41294880001806, 227.93068429990672, 231.45782670006156, 234.9749928000383, 238.4840009000618, 242.1528612000402, 245.9870708999224, 249.8054233000148, 253.74206040007994, 258.7707807000261, 263.6713475000579, 268.5974089000374, 272.6064275999088, 276.23672730010003, 279.75250900001265, 283.2998500999529, 286.8147732000798, 290.3424823000096, 293.86348549998365, 297.40231949998997, 300.9752106999513, 304.5229289000854, 308.0422257001046, 311.5622054999694, 315.13095030002296, 318.6727724999655, 322.2151907000225, 325.73752070008777, 329.2618529999163, 332.8166549000889, 336.38415910000913, 339.9368777999189, 343.453173100017, 346.99298679991625, 350.5257653000299, 354.07934969989583, 357.6165770001244]}